Year,Month,Bias_Corrected_Discharge,Total_Discharge,another_Bias_Corrected_Discharge
2006,1,1.0327949399220726,1.6147739692208647,0.7297713213883825
2006,2,0.9171463620503442,1.6856624677175116,0.8218235824853297
2006,3,0.7314842109179762,1.6710384675822825,0.6237650334543544
2006,4,0.4196673832136335,1.6851480961000262,0.3867384900699571
2006,5,0.32262789381637214,2.939098059365073,0.29707587117327
2006,6,1.790364323046468,7.2652330487301064,1.6856428238862888
2006,7,7.205883057743548,13.3108159870519,7.244421869976475
2006,8,10.547943057454892,18.954905658247267,9.987471578087643
2006,9,6.905428673818749,13.952365522950316,6.0411482249680954
2006,10,7.096399731943474,8.084744586726222,6.933416115324726
2006,11,1.7940524723490572,1.9340531667691823,1.6474786859879942
2006,12,1.95630805788817,2.6239348471035564,1.894007931921831
2007,1,1.7272453560966614,2.7005465767415147,1.397903360049489
2007,2,0.9086568241475229,1.6700591834401153,0.9412981896567763
2007,3,1.3652457407408016,3.1188344415769835,1.0266472321111366
2007,4,0.7308091039348342,2.9345181907583244,0.6748624059984297
2007,5,1.0967002554322176,9.990796376337501,0.8542487132247686
2007,6,3.883908032461696,15.760756976912045,3.1170295109028356
2007,7,11.061139241712123,20.432303421212247,10.375187459439001
2007,8,9.179378892426643,16.495563159518635,8.541734982664716
2007,9,6.262757915679243,12.653854199175353,5.453018836000138
2007,10,4.699630535977947,5.3541674610479255,4.968065730263208
2007,11,2.5377479366897098,2.735783656868285,2.2218132972387443
2007,12,2.02359479215938,2.7141844405099333,1.7748147880806195
2008,1,1.635535165554198,2.5571577754646326,1.4253188836344273
2008,2,1.812212116576099,3.3307420438609974,1.7027573889485095
2008,3,1.2161866428300454,2.7783165153740383,1.0287512270714347
2008,4,1.0887889245999498,4.37196374255848,1.00606350890189
2008,5,1.1025887489186,10.04443978445602,1.2427324208265922
2008,6,4.053284897283346,16.44808210965298,4.162618804740172
2008,7,8.201480439034851,15.149898502458289,6.927611371957684
2008,8,8.200238372947279,14.736024254937485,7.888400524997504
2008,9,6.0217128929566615,12.166824584741079,6.096448303196137
2008,10,6.069189286212737,6.914470306210769,5.944186357923547
2008,11,1.9991034777764851,2.155105534249191,1.7204880251567365
2008,12,2.1005514733419144,2.8174040314419835,2.123358023765799
2009,1,1.1126376553226907,1.7396079836773601,1.2287879233179209
2009,2,1.3798077086722882,2.5360075157213577,1.2502381304437298
2009,3,0.877030708283174,2.0035320365328513,0.7532234124425344
2009,4,0.5794236747331751,2.3266394801400208,0.5276353562861822
2009,5,0.7231507367078535,6.5878089514981,0.638126821219056
2009,6,3.6056379139635832,14.63154699693075,3.046216509524994
2009,7,8.190097710199131,15.12887215388329,7.850213789003695
2009,8,8.97150718430465,16.122012734093627,7.557971455938051
2009,9,6.5904691963696616,13.3159923212477,5.509356827041092
2009,10,3.757974462626706,4.2813630631621615,3.5522559062141577
2009,11,3.0011310898847876,3.2353273818580974,2.9340919281217257
2009,12,1.6010515055461865,2.1474403381772507,1.61182063448498
2010,1,1.2993357473498486,2.031510284371633,1.2299385886892489
2010,2,1.0208451923781443,1.8762549766808558,0.9232516490643963
2010,3,0.8184782380580695,1.8697718970004789,0.6481904940625225
2010,4,0.7922483752550491,3.1812237371799017,0.6571596006727998
2010,5,0.901663934316366,8.214040913204592,0.9308398251941306
2010,6,3.5914234177380147,14.573865090282093,3.7493603628474252
2010,7,8.343500451593593,15.412240014039822,7.567719350730859
2010,8,9.743545200486675,17.50938349269551,9.536003632277868
2010,9,6.569618853891185,13.27386436463852,6.0397471069987
2010,10,3.80039493408553,4.329691608614486,3.7663800696563086
2010,11,1.8958229977877197,2.0437654578208977,1.4650944147481624
2010,12,1.5150665903013776,2.032111459105079,1.2194033072953168
2011,1,1.0586448290129533,1.6551902478040554,0.9717259681229925
2011,2,0.9017562976272889,1.6573764110452671,0.7559657421426405
2011,3,1.0594241437113967,2.4202005610011423,0.9293795463667095
2011,4,0.6516225107045261,2.6165493846126915,0.6416714477773549
2011,5,0.5639293245880116,5.137322640983536,0.5448504525420235
2011,6,3.0831223965881938,12.511198106795128,2.3814403971223848
2011,7,10.581799762651032,19.546860297866655,9.768352026934943
2011,8,9.292831419250708,16.699440060533952,8.257922542214283
2011,9,5.707161683092037,11.531276284552714,4.339696985990729
2011,10,3.454664458294454,3.9358098237375394,3.0502758278813125
2011,11,2.5155389738989706,2.7118415952630044,2.405880332370756
2011,12,1.4168405094702339,1.9003638872704685,1.3058771613222604
2012,1,1.7418874317695583,2.7234394490223766,1.6425785255160894
2012,2,1.5544778133931194,2.8570411608878317,1.3813164871906305
2012,3,0.9326803527370731,2.1306608182642317,0.7999864896494087
2012,4,0.8557636534686747,3.4362653592743913,0.966801765550371
2012,5,0.844393746563978,7.69231696772851,0.7215701847779422
2012,6,4.049802430288824,16.43395038574962,3.104907714236999
2012,7,9.897220139973053,18.282294482277994,7.848107594364769
2012,8,9.077619883828913,16.312699790107146,8.314399744837246
2012,9,5.346574270413615,10.8027121906625,4.636984680344812
2012,10,4.5802058919111825,5.218110054318942,4.638637342897795
2012,11,2.220709832914357,2.394005164854414,1.9953892504440383
2012,12,1.619872026601978,2.172683714771143,1.377296501593122
2013,1,1.3688235044236494,2.140154330701665,1.2654269787242767
2013,2,1.0093544736651918,1.8551356940199935,0.9111381297430956
2013,3,0.9193450836742316,2.1001970744855343,0.8907204029956202
2013,4,1.1137275824809152,4.472103361524305,0.8644016525956887
2013,5,1.0288071741058995,9.372299255056134,1.098455601809896
2013,6,3.1380777318403195,12.734204850583682,3.2407520974362907
2013,7,8.901579977471197,16.443132940773513,7.414979573093022
2013,8,9.545736984118053,17.15391740236205,6.908092747615482
2013,9,5.30182458024119,10.71229578585744,5.394965301578854
2013,10,6.368309885174659,7.255250664502876,5.4162111910226285
2013,11,4.111071866088668,4.431883506179578,3.3227289484210947
2013,12,1.4543054608430137,1.9506144554546005,1.4009324281885642
2014,1,1.4418306124988767,2.254300879189661,1.3086243707798735
2014,2,1.1348894126066642,2.085861719567084,1.0646010776769623
2014,3,0.9506366925651074,2.171681163121668,0.7317573038038602
2014,4,0.8142302368260501,3.2694905257290845,0.6646615487876067
2014,5,1.038345760707608,9.459194535679712,0.9477397908479933
2014,6,4.266397963960424,17.312887152519295,3.7195430843944655
2014,7,8.523583536874767,15.744892208274694,7.486899050876795
2014,8,8.902853843254807,15.998641040140123,5.830726910665995
2014,9,5.586604480634334,11.287691384242098,5.111010745560929
2014,10,5.652543242304575,6.439796249603632,5.5025535591844195
2014,11,3.135759444140065,3.3804615955432817,3.3621559712890674
2014,12,1.4446548812350282,1.9376704346875055,1.2039016443652757
2015,1,1.0844925392837432,1.695603119803974,1.0620577750535236
2015,2,1.1026582617041223,2.0266227108157504,1.0196420735645655
2015,3,0.7845095067362858,1.7921720583622218,0.6679534097685139
2015,4,0.82041446037714,3.294322888118494,0.7509859774741823
2015,5,0.693288694535133,6.315769639706681,0.6334907230946126
2015,6,3.9268963224949536,15.935201888172664,3.4185052037044086
2015,7,10.133937859265725,18.71956302759436,8.678815052472578
2015,8,8.298924344045005,14.913365302548456,7.3078692012795825
2015,9,5.46747990388279,11.047001093151865,5.17075466541306
2015,10,4.652377204509961,5.300332963243225,4.1971828071689385
2015,11,2.2306720977267784,2.4047448450508515,1.9185063203173571
2015,12,1.3592202916668534,1.8230796902431363,1.198511335191521
2016,1,1.5044144539912592,2.352150659653699,1.5661551444534094
2016,2,1.1016185256763653,2.024711735565949,1.0493398857022092
2016,3,1.4079785868494246,3.2164554545953905,1.0726018581694956
2016,4,0.6854120370558576,2.752229111645664,0.5113101246856051
2016,5,1.0453643416797669,9.523132893491107,0.6345681984254514
2016,6,2.600867321423402,10.554224621061675,2.218475235225323
2016,7,10.423262976456819,19.254008752636256,8.107674101868696
2016,8,9.602517285831595,17.255952960988466,7.4789850789740955
2016,9,6.062442630310121,12.249118705794533,5.593954069268315
2016,10,3.2925008808834555,3.7510610561707676,2.940742232993154
2016,11,2.269246411026126,2.446329343800136,2.0755398792342694
2016,12,1.458898186912414,1.956774535370496,1.0877718656997606
2017,1,1.3878458517022039,2.169895753738853,1.3105719924446981
2017,2,1.012918576213486,1.8616863103069345,0.8109670109174493
2017,3,0.9669470975897704,2.208941453653237,0.8428976838891982
2017,4,0.9888213906452118,3.9705503703167624,0.8521599275678375
2017,5,1.0940288576956723,9.966460291163969,0.8926185429300397
2017,6,2.5706847130383568,10.431744698336907,1.6785511288519857
2017,7,9.48633006049567,17.52329212337193,8.2449673952669
2017,8,8.370915534179764,15.04273519104675,7.438770916576056
2017,9,6.181122342406613,12.48891015127087,4.953345827408534
2017,10,4.642191503846232,5.288728658044294,3.6861825564865383
2017,11,2.824380351877541,3.0447837217141394,2.465743721485615
2017,12,1.241406226671537,1.6650593675369845,1.0462869498271294
2018,1,1.094199711235277,1.7107802745093124,0.8735013902758638
2018,2,0.8776879427623557,1.6131401537429706,0.6957520182369601
2018,3,0.9917680600479534,2.2656436796903354,0.9114291294497422
2018,4,0.6269627504839405,2.5175296617364697,0.44743860812076447
2018,5,0.6150276514458216,5.602821738188288,0.5894387945106206
2018,6,2.9980417534302783,12.165943963534335,2.631540733548316
2018,7,10.43167674522267,19.269550793341384,9.895086932553323
2018,8,9.49282517840266,17.05883362346035,7.694804151510627
2018,9,6.000110632782909,12.123177384211907,5.138387633013235
2018,10,5.177153007189796,5.898196456031389,4.534234636131605
2018,11,4.116534520613294,4.437772444460455,3.849086999348793
2018,12,1.3027076855113977,1.7472810980970643,1.1323994498170902
2019,1,1.060298524433471,1.6577757991219904,0.868139927322529
2019,2,0.957881890205602,1.7605320346211621,0.7096969176450658
2019,3,1.1321133517935726,2.5862553590000963,0.869503207755557
2019,4,0.8690789038745329,3.4897319134266462,0.7384003784219967
2019,5,0.8175198455763298,7.447499232640415,0.5664623917325413
2019,6,2.9562114378057163,11.99619807014139,3.152037971324934
2019,7,9.136408286293792,16.87691133854104,8.445667076529245
2019,8,9.162550272901884,16.46532172820707,7.584720943838051
2019,9,7.211263944511949,14.570303335080702,6.430841968998994
2019,10,5.117392829833563,5.830113232335887,4.7531106390470335
2019,11,1.9967640951178673,2.152583595504969,1.8263320735168682
2019,12,3.849418553495893,5.163104779371221,3.1304360113615997
2020,1,1.2385949354663872,1.936542079060562,1.0615199753025844
2020,2,1.4156932357607774,2.6019630585336246,1.1350737410151854
2020,3,0.9151596751064706,2.0906357215337046,0.7389264298472052
2020,4,0.7872167831398842,3.161019694139212,0.7892204169123201
2020,5,0.8667578460048116,7.896050998560364,0.6904068608590105
2020,6,3.1586912429058316,12.817853725796233,2.992813279075756
2020,7,10.531199325235745,19.45339040584899,8.066005501681413
2020,8,10.35635873369379,18.610624051614565,7.42288375184056
2020,9,6.3915792428359435,12.9141366998775,4.6426332927302045
2020,10,6.090579824301808,6.9388399927497515,4.240503367188079
2020,11,2.0994804581172968,2.263315533505614,1.7373447360217509
2020,12,1.3963120777112736,1.8728297434368688,1.2751482955309987
2021,1,1.2629250551345474,1.9745821995041597,0.9858940773933148
2021,2,1.3388520813730407,2.4607334192011145,1.2741173649610371
2021,3,1.160914087384358,2.652049174298545,1.035483358888596
2021,4,0.792521770419317,3.182321538340958,0.7629194322203239
2021,5,0.8214977603270494,7.483737517513619,0.7152854111823622
2021,6,3.2827820994801753,13.321409890663885,2.8222130577453393
2021,7,9.400591837005017,17.364915182364758,7.3370896036151905
2021,8,10.330426967055153,18.564024047470667,8.383810606173661
2021,9,6.625593154097975,13.386960007684909,4.777271746654295
2021,10,3.426941628688239,3.9042259213287336,2.869228955001632
2021,11,2.0093078641045037,2.1661062301579337,2.009618390509376
2021,12,1.5357258487901058,2.0598210767418896,1.1205227986748272
2022,1,1.3163223626132625,2.0580688422152646,0.8636527335951872
2022,2,1.0330664504363007,1.8987169488036806,0.7939507266532927
2022,3,0.9993910560680704,2.283058026299206,0.8385346950493552
2022,4,0.821459713029044,3.298520034684451,0.7718468600732682
2022,5,0.5528948721826075,5.036800217868634,0.5019600272496639
2022,6,4.0130831089267955,16.284944720448827,3.447138393198365
2022,7,10.977568839102243,20.27793091166832,11.87571259769992
2022,8,8.342511386309612,14.991692258766115,7.172697754179927
2022,9,6.405397859944553,12.942057109460759,5.397235324988027
2022,10,4.776456918714934,5.4416937709251325,3.860513347292824
2022,11,2.200324062194659,2.372028569952573,1.8821579153204
2022,12,2.035237782396192,2.729800819374024,1.546055060146025
2023,1,1.4261899011138055,2.229846640861755,1.1968946424237423
2023,2,0.8765676045367631,1.6110810362714594,0.7879236447007234
2023,3,1.1749305236945244,2.684069010001234,0.9832923950672017
2023,4,0.6211424230326912,2.4941585013473895,0.5649280612120319
2023,5,0.9988057047349159,9.098989779662336,0.8329110638839313
2023,6,3.9976471533884923,16.222306176510024,3.3702995580211526
2023,7,9.54619493340137,17.633875420512695,7.89750701484372
2023,8,10.312025408009198,18.530956006262933,6.28987745350445
2023,9,5.724272924678903,11.56584941656936,4.402007713038109
2023,10,7.494635138824355,8.538443880965552,7.176255753730581
2023,11,2.8040512248422194,3.022868190743724,2.243733208015271
2023,12,1.5538665965332654,2.0841526946401343,1.5578009117279774
2024,1,1.1847736068391972,1.8523924796612603,1.042627388121823
2024,2,0.9516051505200394,1.7489957466900488,0.7017502913585234
2024,3,0.799641992779953,1.8267414529051142,0.7041433114465645
2024,4,0.7282924062689001,2.9244125488861052,0.48896538745434426
2024,5,1.0937831140909844,9.964221598956993,1.0972824272247632
2024,6,4.100662161709881,16.64033731874047,3.3368704703079977
2024,7,10.476385471020885,19.352137426700093,9.273464471422521
2024,8,8.425193588431739,15.140274151207542,5.746136310381651
2024,9,5.708972245020578,11.534934511003552,4.662567053113029
2024,10,3.7676004253109516,4.2923296733649625,3.3881777193002085
2024,11,1.8404072520432524,1.9840252884569378,1.5498072082087164
2024,12,2.2280078161774424,2.9883572400136145,1.7691782720096096
2025,1,1.167763202462966,1.8257967275609148,1.0625745268607607
2025,2,1.2653489687645407,2.325638909413634,1.2484546118185347
2025,3,0.9489123246322108,2.167741932301471,0.7825211465130357
2025,4,0.7301585925884132,2.9319061031843066,0.6115399085672087
2025,5,0.6617799743148399,6.02872930554001,0.5297349302561415
2025,6,3.7514532592518313,15.223260343741376,3.0590473554955606
2025,7,10.573140204380039,19.530864231076414,8.072373486994096
2025,8,9.560257458295949,17.180011041345107,8.594639230795254
2025,9,5.667814487217992,11.45177557792472,4.837847923120896
2025,10,6.874905981134007,7.832402487846161,5.775940950618315
2025,11,1.710160918820079,1.8436150512354363,1.7258846317721215
2025,12,1.3395031748114778,1.7966337377293577,0.9232482490326384
2026,1,1.3679644578802608,2.1388112121957614,1.3544777748773005
2026,2,1.0656151529462101,1.9585395992159873,1.0113612966147687
2026,3,1.1330549336059543,2.588406354750081,1.0746154577012752
2026,4,0.6436585043552385,2.584570415854,0.47226042797182627
2026,5,1.2759427448075935,11.623672090979749,1.0310876750549656
2026,6,3.2930491462737828,13.36307319165664,2.8625609725600936
2026,7,12.757295223114884,23.565468360591566,10.777044655145193
2026,8,10.029938158216341,18.024038479490827,8.419942255531076
2026,9,7.090858583876733,14.327025230004544,5.06775007323286
2026,10,3.6507491670017154,4.159204058440079,2.6274250219435493
2026,11,2.1463662986357703,2.313860157884775,1.9264357428325998
2026,12,1.2273963611813883,1.6462683728801824,0.9892189065745357
2027,1,1.3517664933736953,2.113485709108441,1.2716626628025798
2027,2,1.0512760100148009,1.9321850760353279,0.9653017853717106
2027,3,0.9597943795731837,2.1926014332193233,0.9426963334726842
2027,4,0.702880347024877,2.8223720163931447,0.5326786233869462
2027,5,0.7590007363019156,6.9143977748907774,0.670951992328855
2027,6,3.0121998932903287,12.223397178109538,2.4381047464387016
2027,7,9.111876209006827,16.831595314962772,8.159668350221432
2027,8,10.606126493720332,19.05946268318348,8.413994435418008
2027,9,6.342408506474641,12.814787605251903,5.459531204975655
2027,10,4.587796730325421,5.226758100102211,4.316066239552292
2027,11,2.160722886217818,2.3293370762609147,2.2774010048640903
2027,12,1.4390284974809036,1.9301239420295129,1.1539189745633749
2028,1,1.2988487162883136,2.030748811740456,0.9975819913903127
2028,2,0.9872392787018809,1.8144892327152031,0.7789151720810953
2028,3,1.6092898439228744,3.6763407802197356,1.098713172276213
2028,4,1.098162160248914,4.409601383318633,0.8981977102169398
2028,5,0.9047642587032003,8.242284464253324,0.9302531624944438
2028,6,5.01401381283532,20.346684968462114,3.5735756047178358
2028,7,9.880351476872745,18.251134433096446,8.219343724915042
2028,8,9.58644789204057,17.227075876457864,7.406423461266856
2028,9,5.907263225255231,11.935579911429944,6.477555976162654
2028,10,4.25800637941428,4.851036487031075,3.7812561860533775
2028,11,2.7664504958985043,2.9823332509873612,2.216019018410776
2028,12,1.7387864446819048,2.332179906674472,1.549280591882634
2029,1,1.9010040545143156,2.972218147045391,1.499829497100365
2029,2,1.2614749302991317,2.3185186486680807,1.1059182946179045
2029,3,0.7762083278451578,1.7732084374852262,0.7258907407437442
2029,4,1.0591644356270071,4.2530084622876805,0.8119871859531798
2029,5,1.0607402309766583,9.6632052407979,1.0769875549041075
2029,6,3.1884458783106213,12.938596949794325,2.7279973777113793
2029,7,10.52420416392376,19.440468838252425,8.86122873287239
2029,8,9.255169862840033,16.631761343952093,7.266585293531033
2029,9,5.857861971559634,11.835765058303414,5.53741035755718
2029,10,5.87914514219761,6.697957930555103,6.458509649903821
2029,11,2.085734360379572,2.2484967451646267,1.905314997370926
2029,12,1.4314187320304528,1.9199172014994572,1.2377256355595998
2030,1,1.079728546558498,1.6881546214187437,0.8228845979249725
2030,2,1.0445764963913677,1.9198717538282408,0.9158215323231811
2030,3,0.8407151578646657,1.9205710090561339,0.608737598038848
2030,4,0.9056288429079441,3.636495904716795,0.756606607916884
2030,5,0.9721643033080064,8.856290085267151,0.7752269422083498
2030,6,3.0899089280656438,12.538737603724064,2.770001412705142
2030,7,8.862837701056575,16.37156762280456,8.080140878073403
2030,8,9.303398340122946,16.718429069778733,7.843807987289118
2030,9,6.014847958178592,12.152954036823036,5.316446988245657
2030,10,4.370392598394167,4.97907519818629,3.253657186992175
2030,11,2.1125705303706717,2.2774271027518176,2.17369157822967
2030,12,1.5898823494565928,2.1324594982435534,1.4999627724233424
2031,1,1.4231236105894522,2.225052498356402,1.1532083370363446
2031,2,1.4622636896795693,2.687556884692384,1.0034348888528897
2031,3,1.0934646578442844,2.4979643838196117,0.746929043563581
2031,4,0.6345226170521909,2.547885832513202,0.4720621476048194
2031,5,1.235847539920104,11.258410000710093,0.9302311256038268
2031,6,4.175232057006131,16.942939230972947,3.2447404655048206
2031,7,10.959775460023199,20.245062713168412,9.697073787680184
2031,8,8.53040090837842,15.329334218491178,7.144750805488713
2031,9,5.285089505349793,10.67848269575574,4.878182857964062
2031,10,2.818383196790375,3.210911047048756,2.6129952363141307
2031,11,2.0632586687914665,2.2242671403112153,1.7087354639027281
2031,12,1.2678870452287054,1.7005772617212922,1.1851092666428975
2032,1,1.027045179292713,1.6057842235950377,0.8911139197834902
2032,2,1.0079072616740852,1.8524758012949265,0.8520782300276678
2032,3,1.4205571930966567,3.2451906406649815,0.9054523998052058
2032,4,0.8285120285437045,3.3268381659903037,0.6774177785533634
2032,5,0.6423447533640758,5.851676975984669,0.6320375652250917
2032,6,2.7447372959998613,11.13804372455803,2.0411141706128832
2032,7,9.891975287695107,18.272606111957302,8.399580947463155
2032,8,9.35697389616097,16.814705623866796,7.222318777126252
2032,9,5.720064078579565,11.557345475397618,4.47409319650755
2032,10,4.068006946911578,4.63457505004455,3.141596529936678
2032,11,2.0033007611093234,2.159630356820893,1.5616963748046595
2032,12,1.3985161377833877,1.8757859803163368,1.2141830067434263
2033,1,1.0706533138278937,1.6739655031228056,0.9199254613934963
2033,2,1.0445392332031258,1.9198032662231586,0.9874731930736479
2033,3,0.8859481023050502,2.023903369527781,0.6852476739949881
2033,4,0.7617250930547045,3.0586594089903785,0.5740186490243727
2033,5,1.0123553364806848,9.22242515872403,0.9367913698620636
2033,6,3.7859915122610284,15.363415313306925,2.962579293096886
2033,7,9.058937735152858,16.733806566733183,7.80488329293595
2033,8,9.545509056709832,17.153507811364435,7.466353221548117
2033,9,5.784986259144697,11.688520241886197,3.9503888198828983
2033,10,4.7101719168119365,5.366176983461183,3.650434150753016
2033,11,2.6428169646991893,2.849051852466277,2.5615550357396413
2033,12,3.4599524765835192,4.6407261044715895,3.2597850864636286
2034,1,1.8541402970513605,2.898946703968055,1.6715349091407103
2034,2,1.7450669130583727,3.2073330067209995,1.525186725685431
2034,3,0.98133112156069,2.2418010246669,0.9079125963695982
2034,4,1.0132246148844486,4.068539989025152,0.7208072689786499
2034,5,1.1865191522413965,10.809034818722216,1.0268144331235873
2034,6,3.482263742946135,14.130899115883588,3.0648221012793853
2034,7,11.177280462323829,20.64684123756117,8.741530003578742
2034,8,10.251070054575736,18.421417779956354,8.673655817839578
2034,9,6.183537091885495,12.493789134020119,4.5514373540976925
2034,10,3.5651711047711157,4.061707186576031,2.6659052574149675
2034,11,1.9767035895663918,2.1309576481668615,1.475052288971989
2034,12,1.5167201282698457,2.034329297895334,1.204625384974532
2035,1,1.1973626197932485,1.8720753902087501,1.1214459340308482
2035,2,1.1604174016730748,2.132780700905408,0.908061736554834
2035,3,0.8516222723974728,1.9454877573366927,0.6621115065947313
2035,4,1.3841315763718072,5.557893665249479,1.0667492211511382
2035,5,1.0685630841268468,9.73447041331737,0.6462647029568096
2035,6,4.0024887726008584,16.24195329048468,4.210218850292864
2035,7,10.383632557088292,19.180802843592634,8.226414001478625
2035,8,7.425869532801136,13.344464949990101,5.606301645271987
2035,9,5.230675434004997,10.568539483124647,3.928801886391277
2035,10,3.8380424485753544,4.372582447698032,2.548768727170377
2035,11,2.462894491563387,2.655088947643536,1.6758048975278588
2035,12,1.5448909857991857,2.072113988525203,1.2079415052070355
2036,1,1.2670130006680516,1.980973698706889,1.1760146152271194
2036,2,1.1385022649698684,2.092501935220825,0.9765641160103601
2036,3,1.0107623377118924,2.3090351407316456,0.7782319279374201
2036,4,0.9486777001138492,3.8093558949412056,0.7977656793561169
2036,5,1.1236234812310897,10.23606345402654,0.909570976189589
2036,6,4.437850969316685,18.008637187740522,3.4289003417921284
2036,7,10.9031471087124,20.14045796758651,8.633345380332074
2036,8,9.254462164824835,16.63048959371231,7.976886078312171
2036,9,6.245096548402196,12.61816954243294,5.427687123902457
2036,10,5.9945366421981126,6.829420480611847,5.170557940798762
2036,11,1.7035753263002118,1.8365155453601019,1.3320715645212506
2036,12,1.2919298046600827,1.7328250634098565,0.9891642967904802
2037,1,1.3385235869987844,2.0927804367795035,1.2563095392738386
2037,2,1.098858635289159,2.0196392151556544,0.745934851118727
2037,3,0.8742531556731263,1.9971868588955943,0.6528821336782842
2037,4,0.7834469061195583,3.14588198904837,0.4937601051370713
2037,5,0.855843913754954,7.796626498353152,0.6442032971900747
2037,6,4.3196701644604785,17.529063796942705,4.302933647175275
2037,7,12.027822697865622,22.217975697528072,10.909074830279208
2037,8,8.462488985803198,15.207294871248616,7.33447690922992
2037,9,4.598537769815571,9.291310194661445,3.9935315491619785
2037,10,4.013780128805335,4.572795839360237,3.602961691147082
2037,11,2.236042261412007,2.4105340748763795,2.1262266790641378
2037,12,2.345268239999237,3.145634981119626,1.8917205659312049
2038,1,1.3064521598677106,2.042636789008602,1.1815772359088053
2038,2,1.061578986663529,1.951121356831018,0.9397015289069628
2038,3,0.8369510936699607,1.911972195889808,0.6105096200886038
2038,4,1.053064155203207,4.2285131682690595,0.911942096377602
2038,5,1.1193827806845493,10.197431224806527,0.9107406203246748
2038,6,3.38414395690482,13.732732606919265,2.645190551009781
2038,7,8.589571577410437,15.866786313116227,5.929103950779944
2038,8,8.967913313754885,16.115554462860295,8.176745804789768
2038,9,5.717126173727176,11.551409461240006,4.213433685342607
2038,10,4.308795250856309,4.908898934041851,2.930178303108043
2038,11,2.6139739284995613,2.8179580208415604,2.277155154355342
2038,12,1.5496135959052821,2.0784482778395588,1.370321230312402
2039,1,1.453771796703695,2.2729709100643922,1.3435367734722734
2039,2,1.1117870511336867,2.0434009027748963,0.9177604656278726
2039,3,0.9203575610876376,2.102510027629439,0.8239670928718158
2039,4,0.5126032315445481,2.0583261750706243,0.3743996348030633
2039,5,0.9270611374167606,8.44540612302168,0.7694068678177594
2039,6,4.297506511182278,17.439124501233675,3.919248206878184
2039,7,9.50427993627534,17.556449404940203,7.366045972314925
2039,8,8.845996857366513,15.896467678219745,7.476187197643153
2039,9,5.215650829535173,10.538182385353796,3.8754439499026136
2039,10,4.2867954856499875,4.883835170812671,3.274460492656765
2039,11,3.810280399327525,4.1076194738880245,3.21820979440762
2039,12,2.288265621596421,3.069179150863139,1.8591018847254814
2040,1,2.7464287087814796,4.29403884143335,2.461898716022427
2040,2,1.0412648260397914,1.9137850934563618,0.9406234364431176
2040,3,0.8601123411990207,1.964882887604785,0.6913197469171115
2040,4,1.1687369954641211,4.692990214456216,0.797784634900507
2040,5,1.3555775432614252,12.349134724805205,0.834560753507818
2040,6,4.065468682058796,16.49752346338739,3.8286940674436214
2040,7,11.618478593963115,21.461829088046855,9.824751858288689
2040,8,9.053240209438846,16.26888893281247,7.956849628394811
2040,9,4.710088855360875,9.516698305020318,3.8376336178400146
2040,10,5.064912625717362,5.770323893774691,4.79404130831353
2040,11,2.0965048438009593,2.2601077141244663,1.7497211296496467
2040,12,1.2147970954587792,1.6293693715985753,1.0863261869863152
2041,1,1.4599900164796038,2.2826930911488486,1.0966840367832957
2041,2,1.2583928568776372,2.3128539742994785,1.0466861316656246
2041,3,1.0792271204176298,2.4654394538642204,0.7595452730900327
2041,4,0.9128580049557127,3.6655241522015283,0.7781348335163032
2041,5,0.7187620199393401,6.547828313789252,0.5384002530999977
2041,6,4.567741678684675,18.535728943466285,4.0764032865183895
2041,7,10.122269876864868,18.69800975432675,6.509241832058917
2041,8,10.157187741340785,18.252709020281277,9.365611419911321
2041,9,4.867868197088755,9.835490251435496,4.820596967078714
2041,10,2.5797221415109965,2.939010682410772,2.4350689548877273
2041,11,2.1045216007919687,2.2687500668341283,1.4039265464526487
2041,12,1.324141248961572,1.7760292667751758,1.0913063438064126
2042,1,1.3526742806711753,2.1149050337399795,1.187776617344501
2042,2,1.2469879811202602,2.291892466072795,1.0430721969887515
2042,3,0.8341879550523703,1.9056599462850472,0.687199236176841
2042,4,0.7296234400080118,2.9297572315110285,0.6546648548538411
2042,5,1.0231143839885608,9.32043867912042,0.8510079174188604
2042,6,2.6910831418750942,10.920317126272371,2.2153694080343507
2042,7,11.331134463038483,20.931042670747598,7.674660283130339
2042,8,9.737242258955257,17.49805695619008,8.163699689999723
2042,9,6.0810732854365686,12.286761801181465,4.674652322629921
2042,10,4.027135923852365,4.58801175106006,3.119671747625335
2042,11,1.819444675016803,1.9614268755863478,1.5672521587822033
2042,12,1.3423158344092512,1.8004062701287824,1.1330750783488661
2043,1,1.4688691377168244,2.2965755892994513,1.3204897941242766
2043,2,1.1069817827271176,2.0345690947501076,0.7311258854504397
2043,3,1.4414636924626232,3.2929504749055205,1.0309434654671201
2043,4,0.6309093053432395,2.533376805625459,0.4431843858375115
2043,5,0.8770096148149054,7.989443276141779,0.8964715098598518
2043,6,4.06285593222327,16.486921019957986,3.3445069956907663
2043,7,10.574542049757007,19.533453741023436,8.994604648105133
2043,8,8.618612549308788,15.48785264456597,6.313305630677221
2043,9,4.839238945588326,9.777645068978266,3.743894378879364
2043,10,5.352744340330149,6.098243118241287,4.656060930354168
2043,11,3.015825925989825,3.2511689443219245,2.6602103632897407
2043,12,2.1751530805390216,2.9174648352530825,2.0672119827426796
2044,1,1.3770869027561852,2.153074146638882,0.9934396548750013
2044,2,1.0876126311206675,1.9989697038071699,0.8252482796348081
2044,3,0.9781434048366804,2.234518847977275,0.8745928911315153
2044,4,1.2998619136084566,5.219514111715383,1.1621316518441591
2044,5,1.3840902301805336,12.608881586119473,1.1223605178658307
2044,6,3.8585301600721045,15.657774497414474,2.4975287341462873
2044,7,10.301683501856077,19.02942531140571,7.988176672696762
2044,8,8.411252156445956,15.115221064876684,7.100388085899537
2044,9,5.152964370816284,10.411524877659696,4.188933539670104
2044,10,3.317363880080122,3.7793868277955256,2.7824768694199746
2044,11,1.6495967775389275,1.7783247260956725,1.386528654246494
2044,12,1.3556264877399642,1.818259433372344,1.168961182575631
2045,1,1.1349490899478367,1.774491891853147,0.9239324851600982
2045,2,1.3120084628980364,2.4113963863856696,1.0179952606866427
2045,3,1.29900827423946,2.967518319004727,0.9582762971735581
2045,4,1.0671740885419385,4.2851707219721495,0.8697260159941821
2045,5,0.9942873929580378,9.057828548319495,0.821679239225215
2045,6,4.288251013292056,17.401566028754694,3.155097949715263
2045,7,10.695843934443769,19.757524413973506,8.867865152857906
2045,8,8.623917231185146,15.49738528462344,6.3973251583340724
2045,9,5.578434607087055,11.271184217577689,5.021745706252427
2045,10,2.9614039775519463,3.3738509217357198,2.209042097600206
2045,11,2.4048615242144837,2.592527319147132,1.5115241721855013
2045,12,1.380275219146333,1.8513200063292865,1.3118472088063389
2046,1,1.2008896928309416,1.8775899657635426,0.9395944550749029
2046,2,1.3376267175581662,2.4584812707136954,1.0385926319750454
2046,3,0.9867530998192113,2.254187258170168,0.839224666978859
2046,4,0.7349744777479663,2.9512439884531414,0.5846207749032248
2046,5,0.9934267055467412,9.04998779818987,0.8495897387226923
2046,6,5.462439329158341,22.166379339683846,4.192572066382072
2046,7,9.46907265935814,17.491413991418412,7.557951257662769
2046,8,10.071391618108187,18.098531337214645,7.152986122752347
2046,9,6.992909511604981,14.12911988284619,6.490594900116938
2046,10,4.683989190884136,5.33634768132116,3.842900022882468
2046,11,1.966302791203332,2.119745213011793,1.6662458279484818
2046,12,1.3988264525886012,1.876202195864644,1.1416337506110636
2047,1,1.135456094312181,1.775284592725487,0.971543671453736
2047,2,1.0710547974462805,1.9685373541555542,0.730946751481594
2047,3,0.9632556198903997,2.2005084606428627,0.7875951938117032
2047,4,1.0576188263527853,4.246802165039072,0.8333469805066245
2047,5,0.9814847109310078,8.941197783833495,0.8033926416590685
2047,6,3.8533436614155083,15.636727875248225,2.5917154675750975
2047,7,11.795685175630668,21.789167761373854,10.238537600332316
2047,8,10.000564113451627,17.971252619320417,9.76634775753921
2047,9,6.872923646103398,13.886689364461027,5.8292751097315865
2047,10,3.9317429846966694,4.479333043886992,3.5375122682536673
2047,11,2.549475109273195,2.7484259711940426,1.516083511570471
2047,12,1.2773189867537385,1.7132280300619867,0.9309997727319378
2048,1,1.0784891107086756,1.6862167645708364,0.7336411628201941
2048,2,0.905779026527725,1.6647699562915335,0.7508538376070788
2048,3,0.8853680927994346,2.0225783673186,0.7039069549122073
2048,4,0.8281188222262135,3.325259270646518,0.7230004896183531
2048,5,0.8956043439721684,8.15883883501319,0.7689250886644194
2048,6,3.173532714039296,12.878079873727478,2.458267648099714
2048,7,12.241262605207943,22.612245117134318,7.458195285143574
2048,8,10.348958962401012,18.597326485825374,7.549361302188773
2048,9,6.789977593865405,13.719097503886466,5.990962405951767
2048,10,5.181242902411916,5.902855967826992,4.288487676707507
2048,11,1.7952612899968305,1.935356315721488,1.4042335957564192
2048,12,1.3851148672031772,1.8578112749885687,1.033102741148591
2049,1,1.1915447818995366,1.8629792058407075,0.9167726456218552
2049,2,1.1131968698686738,2.045992068837574,0.9375990214347155
2049,3,0.8225841277329995,1.8791515930869422,0.540443525235819
2049,4,1.009071856689966,4.051864848556984,0.8984710515138162
2049,5,1.0637912101448967,9.69099926333718,0.9576864076069639
2049,6,4.00041699285168,16.23354608391244,3.2402603399776595
2049,7,10.79712341865464,19.94460940644306,8.25608223900605
2049,8,10.503369198765055,18.87480536933902,8.571941761558977
2049,9,4.58599275437984,9.265963087462442,3.6838352424458014
2049,10,3.779699780256391,4.306114155368941,3.34339070148437
2049,11,2.9055001422492976,3.13223377675669,2.3801701740798062
2049,12,1.844071597422524,2.473395591006394,1.2589775038687556
2050,1,1.296866963482829,2.027650342993147,1.102709322054925
2050,2,1.2959970794532623,2.3819683809485097,1.0180633962818988
2050,3,1.2604384571504506,2.879407533998905,0.9157492125493615
2050,4,1.3401538160859507,5.381303722879026,1.0345806045446295
2050,5,1.3733006695515715,12.510590095167256,1.1761078360708126
2050,6,3.9256739650514825,15.930241606300786,3.0154420725431947
2050,7,12.252273814903019,22.632585189943093,8.775684349486147
2050,8,10.257747038167816,18.433416478980437,7.104261687846784
2050,9,5.17791905222057,10.461945619500305,3.820150632519666
2050,10,3.3202762856065315,3.782704856049769,2.334111102947259
2050,11,1.6480739674613956,1.7766830819976143,1.394147512994878
2050,12,1.3472149761168248,1.8069773357621148,0.9517309387889843
2051,1,1.316672367757202,2.0586160749462556,1.1960952501804116
2051,2,1.47367133640384,2.708523485797463,1.27163469060165
2051,3,0.9582163497192513,2.1889965042959703,0.7387278087671466
2051,4,1.3319840247521526,5.348498437402084,0.9270296753358918
2051,5,1.8674469731080783,17.01219851050153,1.5451125951527944
2051,6,6.39083066682137,25.933757488208943,4.886100922602604
2051,7,11.02583054845896,20.36708066990336,9.988429218974398
2051,8,8.471760825909382,15.223956589418098,5.968340080602373
2051,9,6.144508234141557,12.414931627135536,5.201806492533403
2051,10,4.295838840666543,4.894138031175347,3.0815200354833956
2051,11,1.792215669002951,1.9320730266210977,1.2852382746918685
2051,12,1.8338505838582204,2.4596864650045083,1.4991321760261078
2052,1,1.1387514734179383,1.7804369150239412,0.8068023682215516
2052,2,1.3181618857816126,2.4227060250998766,1.1593827933096672
2052,3,1.3510939761469734,3.0865054552947258,1.1356361510197648
2052,4,1.7535439519797764,7.0412459254718645,1.5182506454605662
2052,5,1.3728732254504328,12.506696135121574,1.0199766706424647
2052,6,4.199245520560225,17.040384989236724,2.9175033355772677
2052,7,11.132813490788838,20.56470117632777,9.224091546979881
2052,8,8.946038480667635,16.076244865225934,7.031298349623218
2052,9,5.8396448237016765,11.798957451172008,4.710953315719124
2052,10,4.883073598041465,5.563159394847056,3.235178797558678
2052,11,2.170856733109397,2.3402617281171394,1.7612227194408818
2052,12,1.3039028160176664,1.7488840892873276,1.0791067672460328
2053,1,1.194163853324315,1.8670741216819697,0.9559796522889243
2053,2,1.6027378052128325,2.9457402609104073,1.4239929714009472
2053,3,1.0203093715371867,2.3308448538262794,0.898308490427365
2053,4,0.9791088361408357,3.93155021594216,0.7918164309036813
2053,5,1.4598754627064592,13.299275176117783,1.3955721099060672
2053,6,5.280684284720223,21.428824006041875,3.9329829092796897
2053,7,11.809372855043803,21.81445184945827,9.541833834808356
2053,8,9.719357306630162,17.465917269601153,6.430586869591739
2053,9,4.430280854577177,8.951348391555614,3.7859569636619055
2053,10,3.6626935444641893,4.172811978607945,2.502691633822626
2053,11,2.6952066499992466,2.9055298197065254,2.1151562828566024
2053,12,1.8149421046385987,2.434325112874897,1.6582552276385538
2054,1,1.7417723608791786,2.7232595357876983,1.4250724737816012
2054,2,1.3761296968177141,2.529247540655639,0.9811408775775625
2054,3,1.2265236804641568,2.801930951980631,1.0753238449442197
2054,4,1.4802901018473464,5.944012202477813,1.217444278793129
2054,5,1.776738010049165,16.18585168059844,1.568871228506017
2054,6,4.331304325659783,17.57627479827433,3.598047087066348
2054,7,11.035739211005636,20.385384100972068,9.340247784167236
2054,8,9.558578767865928,17.176994394539456,7.088438405270625
2054,9,5.894218967569264,11.909224089104216,4.174567732429481
2054,10,4.681089250571535,5.333043854362456,3.1961919781494
2054,11,1.539475508459513,1.6596100326994334,1.0322031190402923
2054,12,1.3009988320459784,1.74498906635982,0.8989849850121874
2055,1,1.2142901461114195,1.898541562539093,0.9540326826970443
2055,2,1.0319174850394142,1.8966052162314566,0.7514657296284203
2055,3,1.007253503665816,2.3010193878557255,0.846435641074098
2055,4,0.8236810788067396,3.307439789854274,0.6216468087708097
2055,5,0.6552567273275486,5.969303375765882,0.4761901516667446
2055,6,3.277930407454377,13.301721901580127,2.3881469661274304
2055,7,11.55250548858394,21.339962571651906,8.7177651149425
2055,8,10.780768522750382,19.373298581443265,10.408083667704696
2055,9,5.740440900334745,11.598516687027418,4.2595888884224635
2055,10,4.872955712550217,5.551632349719333,3.6928033737030663
2055,11,2.040788537253069,2.2000435293916,1.5716828567660668
2055,12,1.3445370635971867,1.8033855354066235,0.9404295668471339
2056,1,1.526343938481057,2.3864373891328636,1.0198711426689744
2056,2,1.0575609952067708,1.943736518734811,0.879242643490735
2056,3,1.4091412392397389,3.2191114748343015,1.2838109390184633
2056,4,1.4681354172343282,5.8952058275875885,0.846007402616232
2056,5,1.686870778885345,15.367172918543142,1.335555748936705
2056,6,3.898220357792287,15.818835870496706,3.182381255385642
2056,7,11.003790750911369,20.326368423090997,9.237072758926612
2056,8,9.78362008766247,17.581399022315303,7.295458187095083
2056,9,6.474944551879166,13.082575665602349,4.428262835269796
2056,10,4.150056412801525,4.728051883404365,3.3023492296717083
2056,11,2.1979282560507523,2.3694458046594704,1.5824072026495068
2056,12,1.5795552818745362,2.1186081253027282,1.0651359308389663
2057,1,1.5264337613011538,2.3865778270321285,1.2105939955712968
2057,2,1.4074122325917597,2.586743049149456,0.9559404755097182
2057,3,1.535549737762251,3.5078852590221348,0.9910125367161179
2057,4,1.4279356519452608,5.733786187534087,1.1045584482828688
2057,5,1.8497321306646621,16.850818604903424,1.4665291701722438
2057,6,4.890099484717577,19.843845149625505,4.39915230326646
2057,7,11.770937724430988,21.74345389585206,9.453116262231324
2057,8,12.824371137825231,23.045701301167263,9.306440827618818
2057,9,5.592089316257394,11.298773452432359,3.6619547865840243
2057,10,2.0139637756742306,2.2944568158910243,1.2368157110650657
2057,11,1.5942104833304191,1.7186163065479898,1.1249216441952323
2057,12,1.2923369725814293,1.7333711850153655,1.0190841504139763
2058,1,1.0434293318778851,1.6314008315775228,0.8318154232425082
2058,2,0.9015631757606347,1.657021464118817,0.7789242602697531
2058,3,0.9718952595718365,2.2202452779770514,0.6687437052967647
2058,4,0.9452434179469908,3.795565749968215,0.7069866978198756
2058,5,0.7317942601089757,6.666550323032373,0.5715789761507692
2058,6,4.898178482980844,19.876629429577555,3.5748205602154717
2058,7,9.55815090129072,17.65596066492298,8.650778738483265
2058,8,8.943081357982122,16.070930845116187,7.50699419242206
2058,9,5.819291179377983,11.757833069364258,4.148055986454739
2058,10,4.054856687521154,4.619593299799814,3.416309994988291
2058,11,1.956496959835866,2.1091741737019896,1.4635732685511387
2058,12,1.1964368959736649,1.604743409938544,0.9023046882583339
2059,1,1.4178919672511303,2.2168728286539077,1.2553078852045
2059,2,1.2918939999885772,2.3744271559686494,0.7526107879595031
2059,3,0.9098456973647059,2.078496209716736,0.7456679390414807
2059,4,1.9412322820879904,7.794896661252407,1.276195155893471
2059,5,1.6490237878755774,15.022391763653518,1.1993730728692518
2059,6,4.471846967833638,18.146591708376675,3.700299022431364
2059,7,10.01573255337493,18.501212401751943,6.323307074552417
2059,8,9.425435761669375,16.9377332316981,7.608894105683736
2059,9,4.0070704410865154,8.096255006183599,3.5066891599604935
2059,10,2.7819885977423855,3.1694476221073993,2.008351128429261
2059,11,1.8590644194862633,2.0041383867816775,1.3986244573268023
2059,12,1.200670189893577,1.6104213947475825,0.9687195332943644
2060,1,1.236248513590759,1.9328734505466956,0.9623697561455897
2060,2,1.1967964587541753,2.1996433235684605,0.953333478387668
2060,3,0.781796679053052,1.7859747415275677,0.7083290532560795
2060,4,1.010459208210631,4.057435671706897,0.8663307767506293
2060,5,1.931333424483626,17.594195755180145,1.5864731613982261
2060,6,5.129604242687363,20.81574671207919,3.096979879265617
2060,7,10.754611902545939,19.866081491998845,7.411717824383535
2060,8,8.849732403770938,15.90318054434845,5.960774017577566
2060,9,6.246275127438148,12.620550852310142,4.6628978529578715
2060,10,3.871757474041777,4.410993103795099,3.102841766038315
2060,11,2.100509844102357,2.264425248664405,1.1641220181086391
2060,12,1.6030450919258759,2.1501142732721275,1.1135449564090525
2061,1,1.169034012034959,1.8277836371955085,1.013771064224942
2061,2,1.011589000611292,1.8592426265249904,0.659512528186084
2061,3,1.056090578080507,2.4125851999034147,0.857228554811209
2061,4,1.0326338400704416,4.146476517278774,0.728262947307138
2061,5,1.468702423889756,13.379687641937258,0.9315268203547572
2061,6,4.071020260094739,16.52005156434436,2.8248401165175503
2061,7,10.29891354642329,19.024308607906264,7.557860853209606
2061,8,10.682524125450128,19.196751052495287,7.8982776260679595
2061,9,5.118606183591487,10.342104424634982,4.11858935775112
2061,10,2.665556136862946,3.036799132257397,1.994167167882966
2061,11,1.9163614494372667,2.0659066482629647,1.2403203478223044
2061,12,1.2944162692085102,1.7361600805859088,0.7896709421515279
2062,1,1.321682204916235,2.0664489508848733,0.9821404678837076
2062,2,1.1695169120659161,2.14950507967253,0.8546276096161873
2062,3,1.30608788584576,2.9836913315634304,1.1128746683704673
2062,4,1.5303486026529114,6.145018977605671,1.0885169475273468
2062,5,1.7440978183970273,15.888503789170603,1.1919239239778954
2062,6,5.099746518550385,20.694585157770103,4.113266178537972
2062,7,11.545418666893488,21.32687168762024,10.02480531596502
2062,8,9.629948558772345,17.305247613779567,6.856031087621981
2062,9,6.155150483593415,12.436434210299085,4.227649728815075
2062,10,3.7150062118983067,4.232410446962455,2.3245979884588497
2062,11,2.0133896886841867,2.17050658403621,1.2786752738737648
2062,12,1.2818342758643004,1.7192842462055427,0.9798390655307125
2063,1,1.1797378597975212,1.8445190936441942,0.8774421499182626
2063,2,1.018837269602464,1.8725645296583404,0.7331646780007575
2063,3,1.4805282283510681,3.3821914198411864,0.9952413215270869
2063,4,0.7903726032180657,3.1736916920334934,0.674807090102637
2063,5,0.8323585469346385,7.582677867847095,0.7095650591779392
2063,6,3.879602651709893,15.743285899029896,3.1128264408866833
2063,7,11.061998909161495,20.43389141190498,8.701222384391768
2063,8,12.681278728501814,22.78856082322169,10.064600946141601
2063,9,5.3265845782207855,10.762323171335854,4.454297559014628
2063,10,4.71270593852284,5.369063928825557,3.6157583414161643
2063,11,1.6119770894172012,1.7377693476627176,1.051878901026702
2063,12,1.2825151967988462,1.720197544170591,1.1277275034101775
2064,1,1.1639846142687396,1.8198889082827698,0.8193703278238434
2064,2,1.22921007982639,2.2592177020374566,0.802121111619644
2064,3,1.0769639943491496,2.46026945749113,0.8129940188309601
2064,4,1.2982102239686073,5.212881855401761,0.9064861268839954
2064,5,1.2997459145795267,11.840515864950651,0.9881246914586106
2064,6,5.067222028674324,20.562601965467344,4.000949935947015
2064,7,10.878876520478785,20.09562497053586,8.28040146836211
2064,8,10.810847867681039,19.42735188286108,7.790489128956044
2064,9,5.443158869379335,10.997860630000742,3.983019692710565
2064,10,6.417865543911148,7.311708144189093,4.817790893709485
2064,11,2.6439371205695426,2.850259420829924,2.075775738012422
2064,12,2.0977425248712307,2.8136364766613204,1.3714427681847932
2065,1,1.3801062679456755,2.157794921424948,0.8589675461896239
2065,2,1.2596468315745266,2.315158707948848,1.1149733959915993
2065,3,1.748706633619423,3.994831343833399,1.344013626662157
2065,4,1.6676869578324107,6.696492542170085,1.1950976211881732
2065,5,1.6463101342068491,14.997670732445696,1.4109030887619067
2065,6,5.466175947896946,22.181542402084478,4.428823082116109
2065,7,12.453003651760616,23.003376375438556,8.576813669079923
2065,8,11.336877766859669,20.372640178222248,7.6614922653625745
2065,9,7.122108462487909,14.390165369382718,5.594816262296535
2065,10,2.6699689582887767,3.041826545520785,1.941249458582947
2065,11,1.890101200959005,2.0375971548048235,1.4315209531074202
2065,12,1.7903234032046431,2.401304818181264,1.4310919023861015
2066,1,1.2522217671846771,1.9578476183221194,1.0141071963677952
2066,2,1.7172846476788843,3.156270794672667,1.2614477886022182
2066,3,1.003966853484367,2.2935112027155498,0.7514167425724123
2066,4,1.6936072928359736,6.800574024145283,1.1766207970693612
2066,5,1.277466864333119,11.63755662119418,0.9664091968656301
2066,6,4.611017472562353,18.71134053482951,3.4605266676327466
2066,7,9.836263466375204,18.169694394413423,7.502559094200925
2066,8,10.153993934590316,18.246969673252572,6.919385617493268
2066,9,4.896816402487284,9.893979877790635,2.8340173850054016
2066,10,3.453007590000085,3.9339221965632247,2.789315489620334
2066,11,3.254672225775276,3.508653856045998,1.88675108204949
2066,12,1.3545792787368112,1.8168548446704293,0.8313770014718339
2067,1,2.0930467066307816,3.272476662681811,1.2576125574270418
2067,2,1.2039077452728701,2.2127134607654853,0.8971442954979446
2067,3,1.1795801782393762,2.694690909270482,0.8004619615460198
2067,4,1.2850533098797425,5.16005109081476,0.8370275851889718
2067,5,1.067505273134266,9.724833893056545,0.8556777331291809
2067,6,4.209569291252778,17.082278473740157,2.6772079620704887
2067,7,9.471142451632906,17.495237342960486,6.1580118351800275
2067,8,12.673571398329099,22.774710566777845,9.881775923450117
2067,9,5.678676293390996,11.473721773754646,4.372637430480787
2067,10,2.030123655957902,2.3128673493418748,1.8247007531409267
2067,11,1.5552020128565325,1.6765637707310974,1.0183005242539065
2067,12,1.2413789481868263,1.665022779758122,0.7677814300382605
2068,1,1.3739787266289,2.148214516030629,0.77932112646965
2068,2,1.1584997270570223,2.129256124829734,0.8929520466344169
2068,3,0.7532876687918149,1.7208473579037438,0.5037254945359865
2068,4,0.8539584363179513,3.42901662285534,0.5981130407073093
2068,5,1.0207097628910116,9.298532894354835,0.9338850245722715
2068,6,4.215165656404416,17.104988319177235,2.9688869523029497
2068,7,13.17913560723897,24.344698287581437,10.116399164833116
2068,8,8.672893289734553,15.585396431845238,7.1867273592831555
2068,9,5.294812555749384,10.698128044304118,3.760375209760604
2068,10,3.1533284795360923,3.592505540568966,2.069895395676921
2068,11,1.8657614907036904,2.0113580707071894,1.391974469122376
2068,12,1.4470237841736389,1.9408477701510916,1.076103273558845
2069,1,1.1381019916486013,1.7794214508557222,0.7920386196087968
2069,2,1.2969745704906008,2.3837649534721015,0.7927154475502671
2069,3,1.21578102913803,2.7773899115291165,0.8394620075569689
2069,4,1.1523316450917103,4.627115557402277,0.7506224706885575
2069,5,1.3771360351131186,12.545529775507838,1.007829452370818
2069,6,6.011055617544014,24.39264420552355,4.330834175058735
2069,7,12.209930198153277,22.554367421729882,9.484998666163468
2069,8,10.233343816953917,18.389563307480813,7.079774216329468
2069,9,5.70250494138933,11.521867373759315,3.9798377188925635
2069,10,5.240355741754459,5.970201696074146,3.6624018320952403
2069,11,1.7103028760670973,1.8437680862594243,1.4528827345678208
2069,12,2.4233172063060477,3.2503196199458477,1.944603662386634
2070,1,1.8789499517541122,2.9377365770113766,1.261403306120965
2070,2,1.331452767920952,2.4471339050023344,1.097053006464362
2070,3,1.2955370450456458,2.959588472500756,1.059102089343268
2070,4,1.9130180044246132,7.681603996182283,1.4974637487198035
2070,5,1.5123796671910446,13.777581635251732,0.9507595527515836
2070,6,4.858092520573945,19.713962057847763,2.874319300350988
2070,7,12.06392160357238,22.28465814121278,8.916909643085868
2070,8,9.291863033913259,16.697699848948417,6.830419790195923
2070,9,4.857689334589873,9.814923938046336,3.7597286548332605
2070,10,5.240601148348576,5.970481281456633,3.625934849846248
2070,11,2.0089852662030245,2.165758458003794,1.546310081310237
2070,12,1.4371845850225138,1.927650759886717,0.9844290051431399
2071,1,1.2401756121277103,1.9390134656134936,0.7969270883598378
2071,2,1.3240139659759176,2.43346181321592,0.6554453607263813
2071,3,1.6270858787005698,3.716994916344754,1.3969528165118745
2071,4,0.7462480945851593,2.9965124908654106,0.552414272532039
2071,5,0.9469191943250933,8.626310433035437,0.5897513380401148
2071,6,4.578852833966118,18.5808176058805,2.8008944054260545
2071,7,12.260471720250903,22.647728484483192,8.048081807311455
2071,8,9.7678592362047,17.553076395728453,8.012894012059514
2071,9,6.685555880790488,13.508114235769064,5.308059428784875
2071,10,2.487003428516576,2.833378651904428,1.6002419075722611
2071,11,1.618562422708357,1.7448685740801673,1.165389902291088
2071,12,1.2357270438022323,1.6574420570762132,0.8311328390122404
2072,1,1.0299527714909342,1.610330241408749,0.8318935932981207
2072,2,0.8888329813976789,1.633624096226073,0.7264982171098708
2072,3,1.2211416400234139,2.7896359543903495,0.7984198584212969
2072,4,1.142611937225783,4.588086679152338,0.6349738774017724
2072,5,0.7520939672353847,6.851478008965399,0.5138526265557162
2072,6,4.031725203298891,16.360593658704715,2.6193168143987093
2072,7,12.6580587472578,23.38215724400084,9.549854588134277
2072,8,12.170550986039336,21.87077086903874,8.157839549817883
2072,9,5.874757706376908,11.869902760549646,3.959113883930067
2072,10,3.547702998681411,4.041806225316282,2.719391438718736
2072,11,1.661051954447881,1.7906738192900618,1.0938463995201828
2072,12,1.4765095053911685,1.9803960463454737,0.9621745058384498
2073,1,1.0698885426131102,1.6727697840092561,0.7569276580431028
2073,2,1.307660550740048,2.403405172942628,0.8079714469589253
2073,3,1.7081024635545825,3.9020731829464377,1.3969122319753973
2073,4,1.7897298154412915,7.186547994102884,1.4271660246506228
2073,5,1.947623242722858,17.742593876024547,1.5810221742375112
2073,6,5.3277207366015435,21.619696210265474,2.8519459417531148
2073,7,11.171147870539626,20.635513021420397,7.385380388621453
2073,8,8.770197281615973,15.760254029789856,6.062042955175355
2073,9,5.567673779525305,11.249442048255137,4.016665359325561
2073,10,3.7449989168982554,4.266580359671587,2.6297076773418837
2073,11,1.79467052507094,1.9347194498586746,1.2469650506023442
2073,12,2.7463239073645163,3.683558411422383,1.8547337440490206
2074,1,1.5418985057223387,2.410756941168636,0.9692870607388245
2074,2,1.2051790855061122,2.2150501112757532,0.9218836508161515
2074,3,1.860953119653117,4.251252730944203,1.4170901157495697
2074,4,1.6761925156826003,6.7306460770665995,1.1626035690722607
2074,5,1.687166863087413,15.369870207030546,1.3299296021089366
2074,6,5.4069260395596395,21.9411084375303,3.45799796832721
2074,7,12.486901737430541,23.065993431120695,7.673631535351338
2074,8,10.451959852330194,18.78242154565728,7.214442307851954
2074,9,6.334732659081938,12.799278614633057,4.354313040150342
2074,10,2.991296539669027,3.407906744249717,2.5156678141004725
2074,11,1.9867815391351051,2.141822040696245,1.1694734058813412
2074,12,1.415465766348133,1.898519987292982,0.8311161650955734
2075,1,2.330382427054918,3.643550850299435,1.7628010624958885
2075,2,0.9706057200504302,1.7839177048942276,0.7437597911153075
2075,3,1.00053197302304,2.2856643930418024,0.8173099045414729
2075,4,1.1138176474030597,4.472465011578963,0.7379063349766316
2075,5,1.3166128611251755,11.994171549440063,0.8174233573148881
2075,6,3.656332669565039,14.837264464069658,2.6161554879491953
2075,7,10.804535971696035,19.958301986344456,7.3270571095442625
2075,8,8.222720139508612,14.77642452652405,5.595275166762257
2075,9,6.6646954555078155,13.465965906931563,4.7889242219760035
2075,10,2.2474172762661455,2.560424348225321,1.9862842967551082
2075,11,1.5819091660823685,1.7053550435996028,1.1109258787863399
2075,12,1.4190844594673115,1.9033736272593973,1.0650782583014546
2076,1,1.5077684733379513,2.357394665916656,1.2607890769956869
2076,2,1.5299041958627246,2.8118762597542464,1.0291155248764934
2076,3,2.2834599406029317,5.216448069524394,1.554968619295237
2076,4,1.887709255145343,7.579978298383119,1.384060265492476
2076,5,1.655527491022679,15.081639651590983,1.0318222684580836
2076,6,5.364593356881901,21.769323956979225,3.7923630447218275
2076,7,11.72965307772789,21.667192273098568,9.459791632628272
2076,8,11.252023002633958,20.22015413977949,8.1068464573906
2076,9,4.506524348707635,9.10539778502604,3.039692074680933
2076,10,2.582843010057504,2.9425662071895817,1.8757747891994148
2076,11,2.0881849141112676,2.2511385303287574,1.4123786589154563
2076,12,1.855517136520846,2.4887471348304246,1.553301978346177
2077,1,1.8336704266669248,2.8669420798433416,1.0973370990701818
2077,2,1.12306869183605,2.0641359120309266,0.7349189372782902
2077,3,1.4228361173052702,3.2503967270855183,1.3939631192571889
2077,4,2.4480995483423835,9.83019042690874,1.9499241621485217
2077,5,1.5426859703500124,14.053668106720155,1.1808211493756204
2077,6,5.412824661976363,21.96504483191233,3.4519577153476892
2077,7,12.915999223278119,23.85862878599034,7.777184625810291
2077,8,11.077425155972474,19.906397638291498,7.636429855594833
2077,9,5.207943290658075,10.52260936233448,3.321038640299591
2077,10,4.00791735220429,4.56611652968506,3.07270966112507
2077,11,2.3555040575277713,2.5393181927584534,1.5640114837855406
2077,12,1.540427909976096,2.066127804432033,1.3484844583904094
2078,1,2.0888429809456874,3.265904141315133,2.0478364552251764
2078,2,1.1573609173306718,2.12716305779811,0.7967673199627417
2078,3,1.2963337089901816,2.9614084107539473,0.9006127957506125
2078,4,2.243633770790995,9.009170901588766,1.6955731851369864
2078,5,1.2488861960775872,11.377190458766204,0.8102242691122159
2078,6,4.457154737592644,18.086971174537627,3.3594633186789955
2078,7,12.17868051285239,22.496642531198056,9.99290721614728
2078,8,12.663281955812142,22.756220192766296,7.7153002750742905
2078,9,6.7921647118534585,13.7235165589593,4.721597839710765
2078,10,1.9655944662868217,2.239350913319997,1.3452526051798213
2078,11,2.611744328462109,2.8155544317160883,1.9639441597678204
2078,12,1.2486428000491165,1.6747655572050628,0.8078182456905793
2079,1,1.1239612424670196,1.7573124020977742,0.7584745489192839
2079,2,1.610842715399665,2.9606366214821507,1.1863263638198955
2079,3,1.3657298764684407,3.1199404250176928,1.0623181568763205
2079,4,0.7780456116285271,3.1241934292695808,0.5975708137772674
2079,5,1.2114719205054159,11.036351285110293,0.5604682964354485
2079,6,5.108956653572628,20.731959549387227,3.9932659821713434
2079,7,12.002255312948424,22.170747238062965,7.574120206155593
2079,8,9.022060068069436,16.212857473896864,6.992254410504286
2079,9,6.484064961813682,13.101003383726203,4.970262316822559
2079,10,3.901192688901947,4.444527882413708,2.4007235271466727
2079,11,1.5946710460309752,1.7191128097234738,1.0864147273885572
2079,12,1.3166398782244497,1.7659679126858685,1.037307661808613
2080,1,1.3485606500448262,2.108473375917451,0.581496200772886
2080,2,1.28027900073016,2.353079452785582,0.9504079884939569
2080,3,0.9736836180211047,2.2243306918765566,0.6652219095638532
2080,4,1.3421612747816607,5.3893645475568235,0.8190196583605218
2080,5,1.35357841912652,12.330922964514343,0.8942959450613128
2080,6,4.632555043476953,18.798739211168108,3.083403901930337
2080,7,11.407041702945934,21.071259670440273,7.626933105252808
2080,8,10.235806726840572,18.393989215384565,6.691567309062022
2080,9,6.04142639127259,12.206655556463764,4.0706438475996585
2080,10,3.042608184338967,3.466364773271668,2.153216909245345
2080,11,2.2294140514090217,2.403388625819642,1.5313721722561249
2080,12,1.6052614655716717,2.153087025963073,1.035413642271048
2081,1,1.549313092393255,2.422349640828484,1.0528519362215347
2081,2,1.0585230742713272,1.9455047649354216,0.8853240956436618
2081,3,1.4064710437452672,3.2130115490660778,0.8575191116348746
2081,4,1.4785134661879,5.936878233247101,1.0192721124993886
2081,5,1.9092712346305385,17.393212081339907,1.2162422414529996
2081,6,4.361613016800569,17.69926636021805,3.124669202864102
2081,7,13.516723144653259,24.968295083981666,9.57048425072554
2081,8,10.191926662186399,18.315135690932724,7.175952600817168
2081,9,6.934816956609251,14.01174432229112,3.6063226288017036
2081,10,3.136992161729881,3.573893996414218,2.2687819008684453
2081,11,2.6198447369968303,2.8242869638020585,2.087671840589564
2081,12,1.9182470544453436,2.572884812909469,1.3324684187981881
2082,1,1.1073744021452518,1.731378892019544,0.8466096948144975
2082,2,1.3837788009487861,2.5433061558112238,0.8884335582245687
2082,3,0.8095653417732966,1.849410838857152,0.5345646906841899
2082,4,1.5412640945771623,6.188849451857188,1.1091731302729047
2082,5,1.3536706800796328,12.33176344977134,0.9607790461095125
2082,6,4.441048851646129,18.02161407746445,3.2479215626530666
2082,7,10.938657907621261,20.20605405151423,7.138962001688847
2082,8,11.39485529718341,20.47682718526226,7.761027629980851
2082,9,5.231669911911053,10.57054881808489,3.5108869893718184
2082,10,3.13198220672854,3.568186284319801,2.1589246517493144
2082,11,1.7060589444846967,1.839192975194949,1.168404562635927
2082,12,1.5250465901609402,2.0454973209584844,0.9968366578145026
2083,1,1.4332355376212202,2.2408624872693914,0.9495933455682644
2083,2,1.447708095967474,2.660804537377859,0.9549890267173453
2083,3,0.9876180997761925,2.2561633065673834,0.637256199552377
2083,4,1.4925841991134208,5.993378380145825,0.9831191656023764
2083,5,1.8828724680561202,17.1527227588244,1.2321821269232494
2083,6,4.021210961418776,16.31792724907711,2.472032932962317
2083,7,13.279049436936877,24.5292606224144,8.640675542487347
2083,8,11.31240245787045,20.328657463268243,7.327748000620187
2083,9,5.30909634431166,10.72698832923169,3.5866554597813507
2083,10,3.0866262445374733,3.5165134102355844,2.14382399267011
2083,11,1.771628868075215,1.909879713916146,1.1021543396303621
2083,12,1.4661744931402902,1.9665340174686943,0.9814387562721096
2084,1,1.342047331493203,2.098289808159849,0.9814074493860037
2084,2,1.1700410498967841,2.150468414976429,0.686768626943795
2084,3,1.965628249821283,4.490377740752244,1.4671759635408752
2084,4,1.55489201578289,6.243571516025664,1.133959953911433
2084,5,1.251542845064625,11.401392184754163,0.8352164136024463
2084,6,3.7763868731826107,15.324440038634949,2.4774815268766095
2084,7,12.300604247826579,22.721861895388475,7.261121094976204
2084,8,13.362230219021358,24.012246919205907,8.081839580942525
2084,9,5.507498828193518,11.127859021919637,3.313676804946647
2084,10,3.6844678604083416,4.197618893326507,2.6412560113925974
2084,11,1.9765651004049214,2.1308083518639758,1.200216307681836
2084,12,1.4489120683530468,1.943380466696303,0.929299031356945
2085,1,1.2433478511186722,1.9439732584520795,0.6541996494542863
2085,2,0.9763624391336496,1.7944982247515842,0.7483139294784811
2085,3,1.049406787843375,2.397316421126246,0.6669908602094602
2085,4,0.855037421065367,3.43334921853839,0.4793299011090754
2085,5,1.5015549626493898,13.67896998783576,1.0790676968662782
2085,6,5.031953035446329,20.4194816787765,3.070444716699103
2085,7,12.382202672800938,22.872591738068863,8.318493830610809
2085,8,9.404533211228758,16.900170849206983,5.291380885770595
2085,9,6.3074933087310905,12.744241716758248,4.073914470791691
2085,10,6.038046392421178,6.878990013173875,4.648360278024222
2085,11,1.621725004165237,1.748277950771271,1.2809771471459517
2085,12,1.5204901311945698,2.0393858849742337,1.0125621119783634
2086,1,1.3165928332001529,2.058491722737107,1.0070387084137993
2086,2,1.385073101534881,2.5456850061345766,0.8661411058808167
2086,3,1.689491671757155,3.8595577758583777,1.3563706032912537
2086,4,1.7862056092170735,7.172396764708958,0.9612936335649689
2086,5,1.6731591171555305,15.242261467446774,1.2579052190831825
2086,6,5.113869360919564,20.751895136416223,2.9884079799209116
2086,7,12.966621477094828,23.95213897759412,8.688964417284096
2086,8,9.89445648999011,17.780574685112914,7.282575227302892
2086,9,3.4992619185586995,7.070231792180968,1.9587551020710587
2086,10,4.193676544028047,4.77774717018739,2.45242762099699
2086,11,1.7834779805558705,1.9226534838419551,1.164007939768104
2086,12,2.3677170905520977,3.175744922652381,1.6612114784780707
2087,1,1.5902559038640152,2.4863636901175807,1.0200674417341868
2087,2,1.4173063382342161,2.6049278484609153,0.9528487998740152
2087,3,1.0673952194521137,2.4384100780241194,0.7527113219852468
2087,4,1.2085860572828253,4.853001626686882,0.8592159587261473
2087,5,1.7934139967390457,16.33776774569268,1.233111742308418
2087,6,5.64464792720214,22.90577517729641,4.26850950771173
2087,7,12.800625828036896,23.64550930825929,7.332318629549952
2087,8,11.460395942520988,20.594605290660397,6.5867768763430785
2087,9,5.50510700192717,11.123026355345,3.528897146342642
2087,10,5.348094518827145,6.092945696922638,4.23758801606223
2087,11,2.0533266741661715,2.2135600924664924,1.2898638526125947
2087,12,1.4323507460888396,1.9211672828227595,0.9948498974287852
2088,1,1.181345310130225,1.8470323408084965,0.8063934020584886
2088,2,1.0060077217534404,1.848984555750427,0.5170090283982225
2088,3,1.4902267446087898,3.4043471868464468,0.9337449962736086
2088,4,1.889096827964276,7.585550010142367,1.3269177201644555
2088,5,1.6450179443097324,14.985899050914934,1.0274718043566111
2088,6,6.152481400535634,24.966544868816975,4.369590695622157
2088,7,13.18926861263398,24.363416128146973,9.894920183657938
2088,8,15.231714226387247,27.37175434128833,10.532891763743448
2088,9,7.2362553954548625,14.6207983694913,5.148826182672958
2088,10,2.623621880669956,2.989024519276031,1.5405868225775723
2088,11,1.5433747924230419,1.6638136012204372,0.9699571562635506
2088,12,1.373038894198552,1.8416141498723317,0.9915420104486989
2089,1,1.0601406439080263,1.6575289530609953,0.7746810983288365
2089,2,1.2822878894783059,2.356771675210146,0.9526823272218581
2089,3,1.3059317700143116,2.983334692888452,0.8848101700020571
2089,4,0.8996405994073416,3.612450487947089,0.5833031023915349
2089,5,1.8597314320241949,16.941910936918383,1.2530239966197272
2089,6,6.8260377044250236,27.699811755453144,5.064492065423339
2089,7,11.136882340795394,20.572217217496107,7.612158934195461
2089,8,11.613265404754415,20.86931536625316,8.39464250014728
2089,9,3.9500453253260686,7.981036198393306,2.7178114233633526
2089,10,3.560078355848333,4.055905149509307,1.7993342685761087
2089,11,1.5726242877910301,1.6953456104647306,1.1893581379964204
2089,12,1.4798974015097506,1.9849401255093198,0.8863399065083649
2090,1,1.22389653706963,1.913561146251081,0.9378573354179394
2090,2,1.4018280522428093,2.576479645600487,0.910517431776025
2090,3,1.5063192492812558,3.4411096951085067,1.0074206748692258
2090,4,2.157958977166489,8.665149133076428,1.5949856727758962
2090,5,1.7908139926731979,16.314082047553313,1.1305074028636741
2090,6,4.745486967096652,19.25701283356826,3.0318694768529473
2090,7,13.700416920998553,25.307617001268586,11.523505564099336
2090,8,12.20338853747106,21.929780733430857,7.7563342017268075
2090,9,6.048506399572497,12.220960658778461,4.017778180572754
2090,10,3.88030504917845,4.420731134969524,2.878303183058215
2090,11,1.775084776177829,1.9136053072936754,0.88982682534987
2090,12,2.1391661897728076,2.8691967435588164,1.708251104675987
2091,1,1.2057610866410995,1.8852063856494305,0.679616219792866
2091,2,1.424403855697118,2.617972678922257,0.9906469029369951
2091,3,1.6015123823170394,3.658573564838306,1.0724181277768414
2091,4,2.106348580950537,8.457910819113852,1.7627485535594056
2091,5,1.8152340516113046,16.536545601418933,1.0796591688508792
2091,6,5.997260648253869,24.336664723860043,4.396579578009393
2091,7,10.857718587386389,20.05654171706055,7.036611616052336
2091,8,9.017518743577265,16.204696605294924,5.847545283005984
2091,9,5.398703726596021,10.908039355929898,3.615827413140315
2091,10,3.3933112243812396,3.8659116719289237,2.2688674471842827
2091,11,2.0356817154998774,2.19453819165142,1.205048524481134
2091,12,1.562859797679631,2.0962149942252184,0.9421276253009699
2092,1,1.3031002382951775,2.0373960626136753,0.7582293621794683
2092,2,1.1803571575977683,2.169428829893852,0.9619588354806936
2092,3,1.2677628327596582,2.8961396974705504,0.7247832311861154
2092,4,1.256341104852712,5.044759029598023,0.8441690953041369
2092,5,1.3006055697648051,11.8483472116358,0.6523292465294207
2092,6,5.648258628864047,22.920427272797596,3.486223961534971
2092,7,12.432738195924934,22.96594171942751,8.201904760299032
2092,8,10.905880727055903,19.59812820143543,6.975104542503661
2092,9,5.55881152881531,11.23153593885882,3.07078904759098
2092,10,2.4521655375329248,2.7936887441790788,1.7683048543290247
2092,11,3.2548958041228246,3.5088948815554306,2.011505267474815
2092,12,1.340479741942867,1.797943576696823,1.0000679877758594
2093,1,1.5759144887907848,2.4639409004166626,0.9975283110702621
2093,2,1.043157620794018,1.917263941771433,0.7286671415769765
2093,3,1.3225584415166656,3.0213174780991143,0.9097399483559971
2093,4,1.3897261704253319,5.580358407316295,0.9656732781632998
2093,5,1.9677233876816727,17.925703576622947,1.4178025965755405
2093,6,5.912819619279452,23.994006111600722,3.1598138695414772
2093,7,12.632671244844259,23.335261066212567,8.575962813650401
2093,8,8.630740084035915,15.509646114190115,4.055073006545852
2093,9,5.555452960941419,11.224749978301753,3.514177125402787
2093,10,4.7930782163412,5.460629985214672,2.743987464544105
2093,11,1.5962178581433055,1.7207803288793277,1.0785029438298241
2093,12,1.4396813879220474,1.930999643569948,0.9226073225520376
2094,1,1.671013228767402,2.6126276957175114,0.8006243894004282
2094,2,1.6018600040561295,2.9441269126759275,1.0084686603674824
2094,3,1.4587452187674925,3.3324292425985806,0.8655727568654461
2094,4,1.8800787118773736,7.549338329744712,1.1795558556337586
2094,5,1.674196254061143,15.251709649470108,0.9982247983363145
2094,6,6.835406042447977,27.737828129070454,4.802007486404012
2094,7,12.685806275540482,23.43341289720901,8.23554213007501
2094,8,10.26673984992743,18.449576776545314,5.6365626474276045
2094,9,7.004977031235822,14.153502213444032,4.5987483731501735
2094,10,3.442347643456758,3.921777595305348,2.4371808390366647
2094,11,1.9479640254416464,2.0999753631647673,1.310218571379891
2094,12,1.2361522286052429,1.6580123441619206,0.7923829825212402
2095,1,1.7338491975566863,2.7108716769858225,1.1136332592910725
2095,2,0.9476837288747448,1.7417883983745734,0.48808716573861916
2095,3,1.3960758845620347,3.189264336737293,0.908694179052543
2095,4,1.821395927738999,7.3137012849799286,1.1892371875865708
2095,5,1.4557150744323655,13.26137458123136,1.0908620865188792
2095,6,5.234425733788843,21.241108495468495,3.670544990702154
2095,7,13.80791596962608,25.50619086703879,9.42094433747102
2095,8,12.871738915552479,23.13082232933078,8.068183270066395
2095,9,6.012881538185964,12.148980900352477,3.680048609028464
2095,10,2.0240668062631455,2.3059669372129092,1.3809532540750067
2095,11,1.6648789664112047,1.7947994759924202,1.0292465639052504
2095,12,1.4300962379174766,1.9181433814846924,0.6996104813969564
2096,1,1.3447910253444755,2.102579571054002,0.9682468858019975
2096,2,1.5410876456713558,2.832430799773211,1.1250882509704725
2096,3,1.2564005465259627,2.8701831325949287,0.8486491315744416
2096,4,4.370340661751512,17.548829239631594,2.7916693484698074
2096,5,2.66490517717098,24.27693880391224,1.9730146041137926
2096,6,5.459854156281227,22.155888802544723,3.5988535690455055
2096,7,11.191803386665672,20.67366820268939,7.682776804225345
2096,8,8.637200435183214,15.521255519535705,5.486653199795248
2096,9,4.709573886908634,9.5156578152234,3.418355960508095
2096,10,5.057556481119369,5.761943228583286,3.28366633788636
2096,11,2.4178947034981224,2.6065775557233155,1.4064302483773743
2096,12,1.5965809157960027,2.141444075888542,1.0613238946015258
2097,1,1.7370256823574755,2.7158381081442937,1.4456584989774748
2097,2,1.751737815788891,3.219593743746102,1.2620394361146805
2097,3,2.1029671393430305,4.804121447124066,1.4933718745471596
2097,4,2.034859222192076,8.170849775959333,1.3631547005457114
2097,5,2.1684760792269837,19.754534429261387,1.3340371377530567
2097,6,5.162509069827435,20.949273299111493,3.4789640222946643
2097,7,11.92440795363513,22.026946420509642,7.010352900870854
2097,8,10.924463495533265,19.63152188032039,8.090985565371449
2097,9,4.229959528599244,8.546600693171152,2.798949860436849
2097,10,3.6114915828226724,4.114478908622096,2.382839692649598
2097,11,2.4108024230441005,2.598931822009766,1.1084411473657705
2097,12,2.199977069172249,2.9507604752501613,1.5147157651376564
2098,1,1.445021950518032,2.2592905333418254,0.9356869757154348
2098,2,1.651967277801162,3.0362212110415925,1.052756280301191
2098,3,1.4236222714710551,3.2521926562838104,1.0461353604635946
2098,4,2.739867240558417,11.001765323381118,1.7733955588619827
2098,5,1.6233361273875286,14.788380524894901,1.026811730021524
2098,6,5.4891393349921564,22.274726988421087,3.2710232017017153
2098,7,13.656480400980719,25.226456798087053,8.055177462373173
2098,8,11.433452254246387,20.546186839162466,8.063705395119799
2098,9,6.136783727468353,12.399324320814696,3.5423443194086826
2098,10,3.7613022820399196,4.285154361708305,2.3783494238732863
2098,11,1.797688029996306,1.9379724288247828,1.0006016959859803
2098,12,1.531593215899427,2.0542781054248653,1.126211671219557
2099,1,1.6561837595493336,2.5894418337955836,0.9262931037146606
2099,2,0.9504031256749271,1.7467864938919022,0.597578107209152
2099,3,1.3039325682328982,2.9787676181227405,0.8515087787901792
2099,4,2.2519329313765146,9.04249566119439,1.4686465138355955
2099,5,1.7999603540510118,16.39740420751226,1.0977636385799312
2099,6,5.091356597965066,20.66053916638833,3.493925033865727
2099,7,11.980540466587982,22.130635245989996,6.913346678324051
2099,8,10.465382796866681,18.8065428976554,6.439416058406516
2099,9,6.717946391372526,13.573559013271298,3.812436192876602
2099,10,2.715056288583386,3.093193374236541,1.6749439612771746
2099,11,1.5380227112241838,1.6580438649663443,0.9644158865668743
2099,12,1.452768515340569,1.9485529984945364,0.8017867111074887
2100,1,1.246517103901066,1.948928382356227,0.8013070689276782
2100,2,1.6347916207807582,3.004653337476725,0.9559689439886004
2100,3,1.5899160589563972,3.632082354052173,0.8441676523731647
2100,4,1.3865373549410502,5.5675539184351175,0.898174681786206
2100,5,1.5287767267012822,13.926956710096507,0.9578680694648868
2100,6,5.619124918444365,22.802203739716326,3.6536206532457176
2100,7,12.625211159123126,23.321480683227453,9.335188006081035
2100,8,10.339375754715517,18.580105232677486,6.152232248581382
2100,9,5.013476543807339,10.129690796046537,2.8542226196493634
2100,10,1.5884205711921324,1.809646454466731,1.073086339074055
2100,11,1.5721018914432017,1.694782448390935,0.9107600012141503
2100,12,1.4109457287661349,1.892457402173118,0.9343695066054142
