Year,Month,Discharge,Date
1963,1,1.17,1963-01-01
1963,2,1.06,1963-02-01
1963,3,1.13,1963-03-01
1963,4,1.15,1963-04-01
1963,5,1.65,1963-05-01
1963,6,1.13,1963-06-01
1963,7,6.61,1963-07-01
1963,8,7.64,1963-08-01
1963,9,5.75,1963-09-01
1963,10,3.52,1963-10-01
1963,11,2.16,1963-11-01
1963,12,1.75,1963-12-01
1964,1,1.47,1964-01-01
1964,2,1.39,1964-02-01
1964,3,1.17,1964-03-01
1964,4,0.91,1964-04-01
1964,5,1.26,1964-05-01
1964,6,2.21,1964-06-01
1964,7,7.24,1964-07-01
1964,8,12.1,1964-08-01
1964,9,15.2,1964-09-01
1964,10,4.49,1964-10-01
1964,11,1.84,1964-11-01
1964,12,1.5,1964-12-01
1965,1,1.32,1965-01-01
1965,2,1.3,1965-02-01
1965,3,1.22,1965-03-01
1965,4,1.76,1965-04-01
1965,5,1.47,1965-05-01
1965,6,3.73,1965-06-01
1965,7,17.2,1965-07-01
1965,8,18.4,1965-08-01
1965,9,5.71,1965-09-01
1965,10,3.16,1965-10-01
1965,11,2.85,1965-11-01
1965,12,1.77,1965-12-01
1966,1,1.6,1966-01-01
1966,2,1.47,1966-02-01
1966,3,1.17,1966-03-01
1966,4,0.74,1966-04-01
1966,5,1.12,1966-05-01
1966,6,1.14,1966-06-01
1966,7,10.4,1966-07-01
1966,8,20.8,1966-08-01
1966,9,10.3,1966-09-01
1966,10,3.33,1966-10-01
1966,11,2.2,1966-11-01
1966,12,1.73,1966-12-01
1967,1,1.09,1967-01-01
1967,2,0.93,1967-02-01
1967,3,0.86,1967-03-01
1967,4,1.02,1967-04-01
1967,5,0.65,1967-05-01
1967,6,4.53,1967-06-01
1967,7,11.8,1967-07-01
1967,8,6.92,1967-08-01
1967,9,5.65,1967-09-01
1967,10,3.36,1967-10-01
1967,11,2.32,1967-11-01
1967,12,1.7,1967-12-01
1968,1,1.66,1968-01-01
1968,2,1.46,1968-02-01
1968,3,1.63,1968-03-01
1968,4,1.21,1968-04-01
1968,5,1.1,1968-05-01
1968,6,2.52,1968-06-01
1968,7,5.72,1968-07-01
1968,8,6.33,1968-08-01
1968,9,2.62,1968-09-01
1968,10,7.12,1968-10-01
1968,11,2.25,1968-11-01
1968,12,1.47,1968-12-01
1969,1,1.18,1969-01-01
1969,2,0.89,1969-02-01
1969,3,0.87,1969-03-01
1969,4,0.92,1969-04-01
1969,5,0.95,1969-05-01
1969,6,0.88,1969-06-01
1969,7,3.1,1969-07-01
1969,8,6.89,1969-08-01
1969,9,4.18,1969-09-01
1969,10,1.91,1969-10-01
1969,11,1.1,1969-11-01
1969,12,0.83,1969-12-01
1970,1,0.82,1970-01-01
1970,2,0.72,1970-02-01
1970,3,0.64,1970-03-01
1970,4,0.6,1970-04-01
1970,5,0.64,1970-05-01
1970,6,3.42,1970-06-01
1970,7,21.5,1970-07-01
1970,8,8.96,1970-08-01
1970,9,5.26,1970-09-01
1970,10,3.3,1970-10-01
1970,11,2.19,1970-11-01
1970,12,1.46,1970-12-01
1971,1,1.15,1971-01-01
1971,2,1.11,1971-02-01
1971,3,1.1,1971-03-01
1971,4,1.98,1971-04-01
1971,5,2.13,1971-05-01
1971,6,21.6,1971-06-01
1971,7,5.17,1971-07-01
1971,8,7.68,1971-08-01
1971,9,4.27,1971-09-01
1971,10,3.82,1971-10-01
1971,11,2.22,1971-11-01
1971,12,1.86,1971-12-01
1972,1,1.72,1972-01-01
1972,2,1.78,1972-02-01
1972,3,1.62,1972-03-01
1972,4,1.41,1972-04-01
1972,5,1.38,1972-05-01
1972,6,1.45,1972-06-01
1972,7,26.3,1972-07-01
1972,8,5.6,1972-08-01
1972,9,7.92,1972-09-01
1972,10,3.51,1972-10-01
1972,11,1.15,1972-11-01
1972,12,1.58,1972-12-01
1973,1,1.38,1973-01-01
1973,2,1.24,1973-02-01
1973,3,1.58,1973-03-01
1973,4,0.96,1973-04-01
1973,5,1.29,1973-05-01
1973,6,10.2,1973-06-01
1973,7,7.34,1973-07-01
1973,8,7.95,1973-08-01
1973,9,9.51,1973-09-01
1973,10,9.51,1973-10-01
1973,11,5.14,1973-11-01
1973,12,2.74,1973-12-01
1974,1,1.59,1974-01-01
1974,2,1.33,1974-02-01
1974,3,1.14,1974-03-01
1974,4,1.16,1974-04-01
1974,5,1.26,1974-05-01
1974,6,1.66,1974-06-01
1974,7,7.15,1974-07-01
1974,8,15.6,1974-08-01
1974,9,3.5,1974-09-01
1974,10,3.5,1974-10-01
1974,11,1.96,1974-11-01
1974,12,1.5,1974-12-01
1975,1,1.28,1975-01-01
1975,2,1.18,1975-02-01
1975,3,0.88,1975-03-01
1975,4,0.76,1975-04-01
1975,5,1.07,1975-05-01
1975,6,2.11,1975-06-01
1975,7,14.8,1975-07-01
1975,8,11.0,1975-08-01
1975,9,4.7,1975-09-01
1975,10,4.7,1975-10-01
1975,11,2.35,1975-11-01
1975,12,1.67,1975-12-01
1976,1,1.46,1976-01-01
1976,2,1.25,1976-02-01
1976,3,1.02,1976-03-01
1976,4,1.09,1976-04-01
1976,5,1.44,1976-05-01
1976,6,7.96,1976-06-01
1976,7,6.04,1976-07-01
1976,8,4.75,1976-08-01
1976,9,2.3,1976-09-01
1976,10,2.3,1976-10-01
1976,11,1.75,1976-11-01
1976,12,1.45,1976-12-01
1977,1,1.28,1977-01-01
1977,2,1.22,1977-02-01
1977,3,1.07,1977-03-01
1977,4,1.39,1977-04-01
1977,5,1.64,1977-05-01
1977,6,1.57,1977-06-01
1977,7,3.16,1977-07-01
1977,8,3.47,1977-08-01
1977,9,1.8,1977-09-01
1977,10,1.8,1977-10-01
1977,11,1.6,1977-11-01
1977,12,1.63,1977-12-01
1978,1,1.3043937627103348,1978-01-01
1978,2,1.1854009752345283,1978-02-01
1978,3,1.1058568836066796,1978-03-01
1978,4,1.1032700838789447,1978-04-01
1978,5,1.231963370333757,1978-05-01
1978,6,4.275333250013893,1978-06-01
1978,7,9.928784054978566,1978-07-01
1978,8,9.318299319233125,1978-08-01
1978,9,5.7342882964563895,1978-09-01
1978,10,3.836870696162824,1978-10-01
1978,11,2.139283374836781,1978-11-01
1978,12,1.5934686322847125,1978-12-01
1979,1,1.2993809277264698,1979-01-01
1979,2,1.1808454340717,1979-02-01
1979,3,1.1016070334220445,1979-03-01
1979,4,1.099030174864332,1979-04-01
1979,5,1.227228888110523,1979-05-01
1979,6,4.258902981259143,1979-06-01
1979,7,9.89062735913956,1979-07-01
1979,8,9.282488739519437,1979-08-01
1979,9,5.712251207808928,1979-09-01
1979,10,3.822125455726894,1979-10-01
1979,11,2.131062027228142,1979-11-01
1979,12,1.5873448715508287,1979-12-01
1980,1,1.2944080118244303,1980-01-01
1980,2,1.1763261703887857,1980-02-01
1980,3,1.0973910263856104,1980-03-01
1980,4,1.0948240298326615,1980-04-01
1980,5,1.222532108341864,1980-05-01
1980,6,4.242603552886123,1980-06-01
1980,7,9.852774519355716,1980-07-01
1980,8,9.2469633328598,1980-08-01
1980,9,5.690389608749244,1980-09-01
1980,10,3.8074976371613016,1980-10-01
1980,11,2.1229061492886543,1980-11-01
1980,12,1.5812698766164583,1980-12-01
1981,1,1.2894750150042162,1981-01-01
1981,2,1.171843184185785,1981-02-01
1981,3,1.0932088624973775,1981-03-01
1981,4,1.0906516487839333,1981-04-01
1981,5,1.2178730310277799,1981-05-01
1981,6,4.226434964894831,1981-06-01
1981,7,9.815225535627036,1981-07-01
1981,8,9.211723099254217,1981-08-01
1981,9,5.668703499277336,1981-09-01
1981,10,3.7929872404660467,1981-10-01
1981,11,2.1148157410183184,1981-11-01
1981,12,1.575243647481601,1981-12-01
1982,1,1.2845819372658174,1982-01-01
1982,2,1.1673964754626889,1982-02-01
1982,3,1.0890605417573367,1982-03-01
1982,4,1.0865130317181382,1982-04-01
1982,5,1.213251656168261,1982-05-01
1982,6,4.210397217285235,1982-06-01
1982,7,9.777980407953443,1982-07-01
1982,8,9.17676803870261,1982-08-01
1982,9,5.64719287939316,1982-09-01
1982,10,3.778594265641098,1982-10-01
1982,11,2.1067908024171165,1982-11-01
1982,12,1.569266184146244,1982-12-01
1983,1,1.2797287786092544,1983-01-01
1983,2,1.1629860442195157,1983-02-01
1983,3,1.0849460641655058,1983-03-01
1983,4,1.082408178635294,1983-04-01
1983,5,1.2086679837633265,1983-05-01
1983,6,4.194490310057402,1983-06-01
1983,7,9.741039136335091,1983-07-01
1983,8,9.14209815120513,1983-08-01
1983,9,5.625857749096806,1983-09-01
1983,10,3.7643187126865176,1983-10-01
1983,11,2.0988313334850837,1983-11-01
1983,12,1.5633374866104128,1983-12-01
1984,1,1.2749155390345064,1984-01-01
1984,2,1.158611890456247,1984-02-01
1984,3,1.0808654297218672,1984-03-01
1984,4,1.0783370895353832,1984-04-01
1984,5,1.2041220138129571,1984-05-01
1984,6,4.178714243211265,1984-06-01
1984,7,9.704401720771827,1984-07-01
1984,8,9.107713436761626,1984-08-01
1984,9,5.604698108388184,1984-09-01
1984,10,3.7501605816022443,1984-10-01
1984,11,2.090937334222185,1984-11-01
1984,12,1.557457554874082,1984-12-01
1985,1,1.2701422185415838,1985-01-01
1985,2,1.154274014172892,1985-02-01
1985,3,1.0768186384264296,1985-03-01
1985,4,1.0742997644184145,1985-04-01
1985,5,1.1996137463171626,1985-05-01
1985,6,4.1630690167468565,1985-06-01
1985,7,9.668068161263726,1985-07-01
1985,8,9.073613895372176,1985-08-01
1985,9,5.583713957267339,1985-09-01
1985,10,3.736119872388308,1985-10-01
1985,11,2.083108804628438,1985-11-01
1985,12,1.5516263889372646,1985-12-01
1986,1,1.2654088171304867,1986-01-01
1986,2,1.1499724153694506,1986-02-01
1986,3,1.0728056902791931,1986-03-01
1986,4,1.070296203284388,1986-04-01
1986,5,1.195143181275943,1986-05-01
1986,6,4.147554630664178,1986-06-01
1986,7,9.632038457810788,1986-07-01
1986,8,9.039799527036779,1986-08-01
1986,9,5.5629052957342715,1986-09-01
1986,10,3.722196585044709,1986-10-01
1986,11,2.075345744703842,1986-11-01
1986,12,1.54584398879996,1986-12-01
1987,1,1.260715334801215,1987-01-01
1987,2,1.1457070940459233,1987-02-01
1987,3,1.0688265852801575,1987-03-01
1987,4,1.0663264061333033,1987-04-01
1987,5,1.1907103186892982,1987-05-01
1987,6,4.132171084963229,1987-06-01
1987,7,9.596312610413015,1987-07-01
1987,8,9.006270331755433,1987-08-01
1987,9,5.5422721237889805,1987-09-01
1987,10,3.7083907195714474,1987-10-01
1987,11,2.0676481544483982,1987-11-01
1987,12,1.5401103544621686,1987-12-01
1988,1,1.2560617715537687,1988-01-01
1988,2,1.1414780502023096,1988-02-01
1988,3,1.0648813234293233,1988-03-01
1988,4,1.0623903729651611,1988-04-01
1988,5,1.1863151585572285,1988-05-01
1988,6,4.116918379644009,1988-06-01
1988,7,9.560890619070408,1988-07-01
1988,8,8.973026309528139,1988-08-01
1988,9,5.5218144414314665,1988-09-01
1988,10,3.694702275968523,1988-10-01
1988,11,2.0600160338621056,1988-11-01
1988,12,1.5344254859238902,1988-12-01
1989,1,1.2514481273881481,1989-01-01
1989,2,1.1372852838386096,1989-02-01
1989,3,1.0609699047266898,1989-03-01
1989,4,1.0584881037799607,1989-04-01
1989,5,1.1819577008797335,1989-05-01
1989,6,4.101796514706518,1989-06-01
1989,7,9.525772483782964,1989-07-01
1989,8,8.940067460354896,1989-08-01
1989,9,5.5015322486617295,1989-09-01
1989,10,3.6811312542359365,1989-10-01
1989,11,2.052449382944965,1989-11-01
1989,12,1.528789383185125,1989-12-01
1990,1,1.2468744023043425,1990-01-01
1990,2,1.133128794954814,1990-02-01
1990,3,1.057092329172249,1990-03-01
1990,4,1.0546195985776938,1990-04-01
1990,5,1.1776379456568034,1990-05-01
1990,6,4.086805490150723,1990-06-01
1990,7,9.490958204550605,1990-07-01
1990,8,8.907393784235634,1990-08-01
1990,9,5.481425545479724,1990-09-01
1990,10,3.667677654373656,1990-10-01
1990,11,2.0449482016969585,1990-11-01
1990,12,1.5232020462458602,1990-12-01
1991,1,1.2423405963023624,1991-01-01
1991,2,1.1290085835509323,1991-02-01
1991,3,1.0532485967660088,1991-03-01
1991,4,1.050784857358369,1991-04-01
1991,5,1.1733558928884484,1991-05-01
1991,6,4.071945305976657,1991-06-01
1991,7,9.45644778137341,1991-07-01
1991,8,8.87500528117042,1991-08-01
1991,9,5.461494331885496,1991-09-01
1991,10,3.6543414763817137,1991-10-01
1991,11,2.0375124901181034,1991-11-01
1991,12,1.5176634751061084,1991-12-01
1992,1,1.237846709382218,1992-01-01
1992,2,1.1249246496269736,1992-02-01
1992,3,1.0494387075079787,1992-03-01
1992,4,1.046983880121995,1992-04-01
1992,5,1.1691115425746779,1992-05-01
1992,6,4.057215962184355,1992-06-01
1992,7,9.422241214251459,1992-07-01
1992,8,8.842901951159336,1992-08-01
1992,9,5.441738607879091,1992-09-01
1992,10,3.641122720260139,1992-10-01
1992,11,2.030142248208417,1992-11-01
1992,12,1.5121736697658827,1992-12-01
1993,1,1.2333927415438888,1993-01-01
1993,2,1.1208769931829192,1993-02-01
1993,3,1.0456626613981408,1993-03-01
1993,4,1.0432166668685545,1993-04-01
1993,5,1.1649048947154725,1993-05-01
1993,6,4.042617458773747,1993-06-01
1993,7,9.388338503184592,1993-07-01
1993,8,8.811083794202228,1993-08-01
1993,9,5.422158373460417,1993-09-01
1993,10,3.628021386008871,1993-10-01
1993,11,2.022837475967865,1993-11-01
1993,12,1.5067326302251571,1993-12-01
1994,1,1.228978692787385,1994-01-01
1994,2,1.1168656142187787,1994-02-01
1994,3,1.041920458436504,1994-03-01
1994,4,1.039483217598056,1994-04-01
1994,5,1.160735949310842,1994-05-01
1994,6,4.028149795744869,1994-06-01
1994,7,9.35473964817289,1994-07-01
1994,8,8.779550810299172,1994-08-01
1994,9,5.40275362862952,1994-09-01
1994,10,3.61503747362794,1994-10-01
1994,11,2.015598173396465,1994-11-01
1994,12,1.5013403564839447,1994-12-01
1995,1,1.224604563112717,1995-01-01
1995,2,1.1128905127345614,1995-02-01
1995,3,1.038212098623077,1995-03-01
1995,4,1.0357835323105085,1995-04-01
1995,5,1.1566047063607963,1995-05-01
1995,6,4.013812973097755,1995-06-01
1995,7,9.321444649216431,1995-07-01
1995,8,8.748302999450242,1995-08-01
1995,9,5.383524373386446,1995-09-01
1995,10,3.6021709831173774,1995-10-01
1995,11,2.008424340494233,1995-11-01
1995,12,1.4959968485422583,1995-12-01
1996,1,1.2202703525198642,1996-01-01
1996,2,1.1089516887302484,1996-02-01
1996,3,1.0345375819578424,1996-03-01
1996,4,1.032117611005894,1996-04-01
1996,5,1.1525111658653155,1996-05-01
1996,6,3.9996069908323357,1996-06-01
1996,7,9.288453506315058,1996-07-01
1996,8,8.71734036165529,1996-08-01
1996,9,5.3644706077311035,1996-09-01
1996,10,3.5894219144771218,1996-10-01
1996,11,2.0013159772611355,1996-11-01
1996,12,1.490702106400072,1996-12-01
1997,1,1.2159760610088368,1997-01-01
1997,2,1.1050491422058493,1997-02-01
1997,3,1.0308969084408086,1997-03-01
1997,4,1.0284854536842218,1997-04-01
1997,5,1.1484553278244096,1997-05-01
1997,6,3.985531848948646,1997-06-01
1997,7,9.25576621946885,1997-07-01
1997,8,8.686662896914392,1997-08-01
1997,9,5.345592331663537,1997-09-01
1997,10,3.5767902677072034,1997-10-01
1997,11,1.99427308369719,1997-11-01
1997,12,1.485456130057399,1997-12-01
1998,1,1.2117216885796245,1998-01-01
1998,2,1.1011828731613542,1998-02-01
1998,3,1.0272900780719671,1998-03-01
1998,4,1.0248870603454832,1998-04-01
1998,5,1.1444371922380687,1998-05-01
1998,6,3.9715875474466515,1998-06-01
1998,7,9.223382788677725,1998-07-01
1998,8,8.656270605227471,1998-08-01
1998,9,5.326889545183703,1998-09-01
1998,10,3.5642760428075917,1998-10-01
1998,11,1.9872956598023785,1998-11-01
1998,12,1.4802589195142264,1998-12-01
1999,1,1.2075072352322376,1999-01-01
1999,2,1.097352881596773,1999-02-01
1999,3,1.023717090851327,1999-03-01
1999,4,1.0213224309896864,1999-04-01
1999,5,1.1404567591063026,1999-05-01
1999,6,3.9577740863263866,1999-06-01
1999,7,9.191303213941765,1999-07-01
1999,8,8.626163486594601,1999-08-01
1999,9,5.308362248291646,1999-09-01
1999,10,3.551879239778317,1999-10-01
1999,11,1.9803837055767188,1999-11-01
1999,12,1.4751104747705668,1999-12-01
2000,1,1.203332700966676,2000-01-01
2000,2,1.0935591675121057,2000-02-01
2000,3,1.0201779467788876,2000-03-01
2000,4,1.0177915656168317,2000-04-01
2000,5,1.1365140284291115,2000-05-01
2000,6,3.9440914655878507,2000-06-01
2000,7,9.15952749526097,2000-07-01
2000,8,8.596341541015784,2000-08-01
2000,9,5.290010440987365,2000-09-01
2000,10,3.53959985861938,2000-10-01
2000,11,1.9735372210202105,2000-11-01
2000,12,1.4700107958264204,2000-12-01
2001,1,1.19919808578294,2001-01-01
2001,2,1.0898017309073522,2001-02-01
2001,3,1.0166726458546493,2001-03-01
2001,4,1.0142944642269192,2001-04-01
2001,5,1.1326090002064952,2001-05-01
2001,6,3.9305396852310444,2001-06-01
2001,7,9.12805563263534,2001-07-01
2001,8,8.566804768491018,2001-08-01
2001,9,5.271834123270863,2001-09-01
2001,10,3.5274378993307804,2001-10-01
2001,11,1.9667562061328538,2001-11-01
2001,12,1.4649598826817871,2001-12-01
2002,1,1.1951033896810297,2002-01-01
2002,2,1.0860805717825124,2002-02-01
2002,3,1.0132011880786123,2002-03-01
2002,4,1.0108311268199488,2002-04-01
2002,5,1.128741674438454,2002-05-01
2002,6,3.9171187452559675,2002-06-01
2002,7,9.096887626064872,2002-07-01
2002,8,8.537553169020306,2002-08-01
2002,9,5.253833295142137,2002-09-01
2002,10,3.515393361912518,2002-10-01
2002,11,1.9600406609146486,2002-11-01
2002,12,1.4599577353366668,2002-12-01
2003,1,1.1910486126609445,2003-01-01
2003,2,1.0823956901375862,2003-02-01
2003,3,1.0097635734507762,2003-03-01
2003,4,1.0074015533959204,2003-04-01
2003,5,1.1249120511249873,2003-05-01
2003,6,3.90382864566262,2003-06-01
2003,7,9.066023475549569,2003-07-01
2003,8,8.508586742603644,2003-08-01
2003,9,5.2360079566011875,2003-09-01
2003,10,3.503466246364593,2003-10-01
2003,11,1.9533905853655948,2003-11-01
2003,12,1.4550043537910597,2003-12-01
2004,1,1.187033754722685,2004-01-01
2004,2,1.078747085972574,2004-02-01
2004,3,1.006359801971141,2004-03-01
2004,4,1.0040057439548342,2004-04-01
2004,5,1.1211201302660958,2004-05-01
2004,6,3.890669386451002,2004-06-01
2004,7,9.035463181089431,2004-07-01
2004,8,8.479905489241036,2004-08-01
2004,9,5.218358107648016,2004-09-01
2004,10,3.491656552687006,2004-10-01
2004,11,1.9468059794856927,2004-11-01
2004,12,1.4500997380449658,2004-12-01
2005,1,1.1830588158662405,2005-01-01
2005,2,1.075134759287466,2005-02-01
2005,3,1.0029898736396983,2005-03-01
2005,4,1.0006436984966816,2005-04-01
2005,5,1.1173659118617691,2005-05-01
2005,6,3.877640967621079,2005-06-01
2005,7,9.005206742684377,2005-07-01
2005,8,8.451509408932404,2005-08-01
2005,9,5.200883748282576,2005-09-01
2005,10,3.479964280879725,2005-10-01
2005,11,1.940286843274925,2005-11-01
2005,12,1.4452438880983722,2005-12-01
2006,1,0.7297713213883825,2006-01-01
2006,2,0.8218235824853297,2006-02-01
2006,3,0.6237650334543544,2006-03-01
2006,4,0.3867384900699571,2006-04-01
2006,5,0.29707587117327,2006-05-01
2006,6,1.6856428238862888,2006-06-01
2006,7,7.244421869976475,2006-07-01
2006,8,9.987471578087645,2006-08-01
2006,9,6.041148224968096,2006-09-01
2006,10,6.933416115324726,2006-10-01
2006,11,1.6474786859879942,2006-11-01
2006,12,1.894007931921831,2006-12-01
2007,1,1.397903360049489,2007-01-01
2007,2,0.9412981896567764,2007-02-01
2007,3,1.0266472321111366,2007-03-01
2007,4,0.6748624059984297,2007-04-01
2007,5,0.8542487132247686,2007-05-01
2007,6,3.117029510902836,2007-06-01
2007,7,10.375187459439,2007-07-01
2007,8,8.541734982664716,2007-08-01
2007,9,5.453018836000138,2007-09-01
2007,10,4.968065730263208,2007-10-01
2007,11,2.2218132972387443,2007-11-01
2007,12,1.7748147880806195,2007-12-01
2008,1,1.4253188836344273,2008-01-01
2008,2,1.7027573889485097,2008-02-01
2008,3,1.0287512270714347,2008-03-01
2008,4,1.00606350890189,2008-04-01
2008,5,1.2427324208265922,2008-05-01
2008,6,4.162618804740172,2008-06-01
2008,7,6.927611371957684,2008-07-01
2008,8,7.888400524997504,2008-08-01
2008,9,6.096448303196137,2008-09-01
2008,10,5.944186357923547,2008-10-01
2008,11,1.7204880251567365,2008-11-01
2008,12,2.123358023765799,2008-12-01
2009,1,1.2287879233179209,2009-01-01
2009,2,1.2502381304437298,2009-02-01
2009,3,0.7532234124425344,2009-03-01
2009,4,0.5276353562861822,2009-04-01
2009,5,0.638126821219056,2009-05-01
2009,6,3.046216509524994,2009-06-01
2009,7,7.850213789003695,2009-07-01
2009,8,7.557971455938051,2009-08-01
2009,9,5.509356827041092,2009-09-01
2009,10,3.5522559062141577,2009-10-01
2009,11,2.9340919281217257,2009-11-01
2009,12,1.61182063448498,2009-12-01
2010,1,1.2299385886892489,2010-01-01
2010,2,0.9232516490643964,2010-02-01
2010,3,0.6481904940625225,2010-03-01
2010,4,0.6571596006727998,2010-04-01
2010,5,0.9308398251941306,2010-05-01
2010,6,3.749360362847425,2010-06-01
2010,7,7.567719350730859,2010-07-01
2010,8,9.536003632277868,2010-08-01
2010,9,6.0397471069987,2010-09-01
2010,10,3.766380069656309,2010-10-01
2010,11,1.4650944147481624,2010-11-01
2010,12,1.2194033072953168,2010-12-01
2011,1,0.9717259681229924,2011-01-01
2011,2,0.7559657421426405,2011-02-01
2011,3,0.9293795463667096,2011-03-01
2011,4,0.6416714477773549,2011-04-01
2011,5,0.5448504525420235,2011-05-01
2011,6,2.3814403971223848,2011-06-01
2011,7,9.768352026934943,2011-07-01
2011,8,8.257922542214283,2011-08-01
2011,9,4.339696985990729,2011-09-01
2011,10,3.0502758278813125,2011-10-01
2011,11,2.405880332370756,2011-11-01
2011,12,1.3058771613222604,2011-12-01
2012,1,1.6425785255160894,2012-01-01
2012,2,1.3813164871906305,2012-02-01
2012,3,0.7999864896494087,2012-03-01
2012,4,0.966801765550371,2012-04-01
2012,5,0.7215701847779422,2012-05-01
2012,6,3.104907714236999,2012-06-01
2012,7,7.848107594364769,2012-07-01
2012,8,8.314399744837246,2012-08-01
2012,9,4.636984680344812,2012-09-01
2012,10,4.638637342897795,2012-10-01
2012,11,1.9953892504440385,2012-11-01
2012,12,1.377296501593122,2012-12-01
2013,1,1.265426978724277,2013-01-01
2013,2,0.9111381297430956,2013-02-01
2013,3,0.8907204029956202,2013-03-01
2013,4,0.8644016525956887,2013-04-01
2013,5,1.098455601809896,2013-05-01
2013,6,3.2407520974362907,2013-06-01
2013,7,7.414979573093022,2013-07-01
2013,8,6.908092747615482,2013-08-01
2013,9,5.394965301578854,2013-09-01
2013,10,5.4162111910226285,2013-10-01
2013,11,3.3227289484210947,2013-11-01
2013,12,1.4009324281885642,2013-12-01
2014,1,1.3086243707798737,2014-01-01
2014,2,1.0646010776769623,2014-02-01
2014,3,0.7317573038038602,2014-03-01
2014,4,0.6646615487876067,2014-04-01
2014,5,0.9477397908479932,2014-05-01
2014,6,3.7195430843944655,2014-06-01
2014,7,7.486899050876795,2014-07-01
2014,8,5.830726910665995,2014-08-01
2014,9,5.111010745560929,2014-09-01
2014,10,5.50255355918442,2014-10-01
2014,11,3.3621559712890674,2014-11-01
2014,12,1.2039016443652757,2014-12-01
2015,1,1.0620577750535236,2015-01-01
2015,2,1.0196420735645657,2015-02-01
2015,3,0.6679534097685139,2015-03-01
2015,4,0.7509859774741823,2015-04-01
2015,5,0.6334907230946126,2015-05-01
2015,6,3.4185052037044086,2015-06-01
2015,7,8.678815052472578,2015-07-01
2015,8,7.3078692012795825,2015-08-01
2015,9,5.17075466541306,2015-09-01
2015,10,4.1971828071689385,2015-10-01
2015,11,1.918506320317357,2015-11-01
2015,12,1.198511335191521,2015-12-01
2016,1,1.5661551444534094,2016-01-01
2016,2,1.0493398857022092,2016-02-01
2016,3,1.0726018581694956,2016-03-01
2016,4,0.5113101246856051,2016-04-01
2016,5,0.6345681984254514,2016-05-01
2016,6,2.218475235225323,2016-06-01
2016,7,8.107674101868696,2016-07-01
2016,8,7.478985078974095,2016-08-01
2016,9,5.593954069268315,2016-09-01
2016,10,2.940742232993154,2016-10-01
2016,11,2.0755398792342694,2016-11-01
2016,12,1.0877718656997606,2016-12-01
2017,1,1.310571992444698,2017-01-01
2017,2,0.8109670109174493,2017-02-01
2017,3,0.8428976838891982,2017-03-01
2017,4,0.8521599275678375,2017-04-01
2017,5,0.8926185429300397,2017-05-01
2017,6,1.6785511288519857,2017-06-01
2017,7,8.2449673952669,2017-07-01
2017,8,7.438770916576056,2017-08-01
2017,9,4.953345827408534,2017-09-01
2017,10,3.686182556486538,2017-10-01
2017,11,2.465743721485615,2017-11-01
2017,12,1.0462869498271294,2017-12-01
2018,1,0.8735013902758638,2018-01-01
2018,2,0.6957520182369601,2018-02-01
2018,3,0.9114291294497422,2018-03-01
2018,4,0.4474386081207644,2018-04-01
2018,5,0.5894387945106206,2018-05-01
2018,6,2.631540733548316,2018-06-01
2018,7,9.895086932553324,2018-07-01
2018,8,7.694804151510627,2018-08-01
2018,9,5.138387633013235,2018-09-01
2018,10,4.534234636131605,2018-10-01
2018,11,3.849086999348793,2018-11-01
2018,12,1.1323994498170902,2018-12-01
2019,1,0.868139927322529,2019-01-01
2019,2,0.7096969176450658,2019-02-01
2019,3,0.869503207755557,2019-03-01
2019,4,0.7384003784219967,2019-04-01
2019,5,0.5664623917325413,2019-05-01
2019,6,3.152037971324934,2019-06-01
2019,7,8.445667076529245,2019-07-01
2019,8,7.584720943838051,2019-08-01
2019,9,6.430841968998994,2019-09-01
2019,10,4.7531106390470335,2019-10-01
2019,11,1.826332073516868,2019-11-01
2019,12,3.1304360113616,2019-12-01
2020,1,1.0615199753025844,2020-01-01
2020,2,1.1350737410151854,2020-02-01
2020,3,0.7389264298472052,2020-03-01
2020,4,0.7892204169123201,2020-04-01
2020,5,0.6904068608590105,2020-05-01
2020,6,2.992813279075756,2020-06-01
2020,7,8.066005501681413,2020-07-01
2020,8,7.42288375184056,2020-08-01
2020,9,4.6426332927302045,2020-09-01
2020,10,4.240503367188079,2020-10-01
2020,11,1.7373447360217509,2020-11-01
2020,12,1.2751482955309987,2020-12-01
2021,1,0.9858940773933148,2021-01-01
2021,2,1.2741173649610371,2021-02-01
2021,3,1.035483358888596,2021-03-01
2021,4,0.7629194322203239,2021-04-01
2021,5,0.7152854111823622,2021-05-01
2021,6,2.8222130577453397,2021-06-01
2021,7,7.3370896036151905,2021-07-01
2021,8,8.383810606173661,2021-08-01
2021,9,4.777271746654295,2021-09-01
2021,10,2.869228955001632,2021-10-01
2021,11,2.009618390509376,2021-11-01
2021,12,1.1205227986748272,2021-12-01
2022,1,0.8636527335951872,2022-01-01
2022,2,0.7939507266532927,2022-02-01
2022,3,0.8385346950493552,2022-03-01
2022,4,0.7718468600732682,2022-04-01
2022,5,0.5019600272496639,2022-05-01
2022,6,3.447138393198365,2022-06-01
2022,7,11.87571259769992,2022-07-01
2022,8,7.172697754179927,2022-08-01
2022,9,5.397235324988027,2022-09-01
2022,10,3.860513347292824,2022-10-01
2022,11,1.8821579153204,2022-11-01
2022,12,1.546055060146025,2022-12-01
2023,1,1.1968946424237423,2023-01-01
2023,2,0.7879236447007234,2023-02-01
2023,3,0.9832923950672016,2023-03-01
2023,4,0.5649280612120319,2023-04-01
2023,5,0.8329110638839313,2023-05-01
2023,6,3.370299558021153,2023-06-01
2023,7,7.89750701484372,2023-07-01
2023,8,6.28987745350445,2023-08-01
2023,9,4.402007713038109,2023-09-01
2023,10,7.176255753730581,2023-10-01
2023,11,2.243733208015271,2023-11-01
2023,12,1.5578009117279774,2023-12-01
2024,1,1.042627388121823,2024-01-01
2024,2,0.7017502913585234,2024-02-01
2024,3,0.7041433114465645,2024-03-01
2024,4,0.4889653874543442,2024-04-01
2024,5,1.0972824272247632,2024-05-01
2024,6,3.3368704703079977,2024-06-01
2024,7,9.27346447142252,2024-07-01
2024,8,5.746136310381651,2024-08-01
2024,9,4.662567053113029,2024-09-01
2024,10,3.3881777193002085,2024-10-01
2024,11,1.5498072082087164,2024-11-01
2024,12,1.7691782720096096,2024-12-01
2025,1,1.0625745268607607,2025-01-01
2025,2,1.248454611818535,2025-02-01
2025,3,0.7825211465130357,2025-03-01
2025,4,0.6115399085672087,2025-04-01
2025,5,0.5297349302561415,2025-05-01
2025,6,3.0590473554955606,2025-06-01
2025,7,8.072373486994096,2025-07-01
2025,8,8.594639230795254,2025-08-01
2025,9,4.837847923120896,2025-09-01
2025,10,5.775940950618315,2025-10-01
2025,11,1.7258846317721217,2025-11-01
2025,12,0.9232482490326384,2025-12-01
2026,1,1.3544777748773005,2026-01-01
2026,2,1.0113612966147687,2026-02-01
2026,3,1.0746154577012752,2026-03-01
2026,4,0.4722604279718262,2026-04-01
2026,5,1.0310876750549656,2026-05-01
2026,6,2.8625609725600936,2026-06-01
2026,7,10.777044655145191,2026-07-01
2026,8,8.419942255531076,2026-08-01
2026,9,5.06775007323286,2026-09-01
2026,10,2.6274250219435493,2026-10-01
2026,11,1.9264357428326,2026-11-01
2026,12,0.9892189065745356,2026-12-01
2027,1,1.2716626628025798,2027-01-01
2027,2,0.9653017853717106,2027-02-01
2027,3,0.9426963334726842,2027-03-01
2027,4,0.5326786233869462,2027-04-01
2027,5,0.670951992328855,2027-05-01
2027,6,2.4381047464387016,2027-06-01
2027,7,8.159668350221432,2027-07-01
2027,8,8.413994435418008,2027-08-01
2027,9,5.459531204975655,2027-09-01
2027,10,4.316066239552292,2027-10-01
2027,11,2.2774010048640903,2027-11-01
2027,12,1.1539189745633749,2027-12-01
2028,1,0.9975819913903128,2028-01-01
2028,2,0.7789151720810953,2028-02-01
2028,3,1.098713172276213,2028-03-01
2028,4,0.8981977102169398,2028-04-01
2028,5,0.9302531624944438,2028-05-01
2028,6,3.573575604717836,2028-06-01
2028,7,8.219343724915042,2028-07-01
2028,8,7.406423461266856,2028-08-01
2028,9,6.477555976162654,2028-09-01
2028,10,3.7812561860533775,2028-10-01
2028,11,2.216019018410776,2028-11-01
2028,12,1.549280591882634,2028-12-01
2029,1,1.499829497100365,2029-01-01
2029,2,1.1059182946179045,2029-02-01
2029,3,0.7258907407437442,2029-03-01
2029,4,0.8119871859531798,2029-04-01
2029,5,1.0769875549041077,2029-05-01
2029,6,2.7279973777113797,2029-06-01
2029,7,8.86122873287239,2029-07-01
2029,8,7.266585293531033,2029-08-01
2029,9,5.53741035755718,2029-09-01
2029,10,6.458509649903821,2029-10-01
2029,11,1.905314997370926,2029-11-01
2029,12,1.2377256355595998,2029-12-01
2030,1,0.8228845979249725,2030-01-01
2030,2,0.9158215323231812,2030-02-01
2030,3,0.608737598038848,2030-03-01
2030,4,0.756606607916884,2030-04-01
2030,5,0.7752269422083498,2030-05-01
2030,6,2.770001412705142,2030-06-01
2030,7,8.080140878073403,2030-07-01
2030,8,7.843807987289118,2030-08-01
2030,9,5.316446988245657,2030-09-01
2030,10,3.253657186992175,2030-10-01
2030,11,2.17369157822967,2030-11-01
2030,12,1.4999627724233424,2030-12-01
2031,1,1.1532083370363446,2031-01-01
2031,2,1.0034348888528897,2031-02-01
2031,3,0.746929043563581,2031-03-01
2031,4,0.4720621476048194,2031-04-01
2031,5,0.9302311256038268,2031-05-01
2031,6,3.2447404655048206,2031-06-01
2031,7,9.697073787680184,2031-07-01
2031,8,7.144750805488713,2031-08-01
2031,9,4.878182857964062,2031-09-01
2031,10,2.6129952363141307,2031-10-01
2031,11,1.708735463902728,2031-11-01
2031,12,1.1851092666428975,2031-12-01
2032,1,0.8911139197834902,2032-01-01
2032,2,0.8520782300276678,2032-02-01
2032,3,0.9054523998052058,2032-03-01
2032,4,0.6774177785533634,2032-04-01
2032,5,0.6320375652250917,2032-05-01
2032,6,2.0411141706128832,2032-06-01
2032,7,8.399580947463155,2032-07-01
2032,8,7.222318777126252,2032-08-01
2032,9,4.47409319650755,2032-09-01
2032,10,3.141596529936678,2032-10-01
2032,11,1.5616963748046595,2032-11-01
2032,12,1.2141830067434265,2032-12-01
2033,1,0.9199254613934964,2033-01-01
2033,2,0.987473193073648,2033-02-01
2033,3,0.6852476739949881,2033-03-01
2033,4,0.5740186490243727,2033-04-01
2033,5,0.9367913698620636,2033-05-01
2033,6,2.962579293096886,2033-06-01
2033,7,7.80488329293595,2033-07-01
2033,8,7.466353221548117,2033-08-01
2033,9,3.950388819882898,2033-09-01
2033,10,3.650434150753016,2033-10-01
2033,11,2.5615550357396413,2033-11-01
2033,12,3.2597850864636286,2033-12-01
2034,1,1.6715349091407103,2034-01-01
2034,2,1.525186725685431,2034-02-01
2034,3,0.9079125963695982,2034-03-01
2034,4,0.7208072689786499,2034-04-01
2034,5,1.0268144331235871,2034-05-01
2034,6,3.0648221012793853,2034-06-01
2034,7,8.741530003578742,2034-07-01
2034,8,8.673655817839578,2034-08-01
2034,9,4.5514373540976925,2034-09-01
2034,10,2.6659052574149675,2034-10-01
2034,11,1.475052288971989,2034-11-01
2034,12,1.204625384974532,2034-12-01
2035,1,1.1214459340308482,2035-01-01
2035,2,0.908061736554834,2035-02-01
2035,3,0.6621115065947313,2035-03-01
2035,4,1.0667492211511382,2035-04-01
2035,5,0.6462647029568096,2035-05-01
2035,6,4.210218850292864,2035-06-01
2035,7,8.226414001478625,2035-07-01
2035,8,5.606301645271987,2035-08-01
2035,9,3.928801886391277,2035-09-01
2035,10,2.548768727170377,2035-10-01
2035,11,1.6758048975278588,2035-11-01
2035,12,1.2079415052070357,2035-12-01
2036,1,1.1760146152271194,2036-01-01
2036,2,0.97656411601036,2036-02-01
2036,3,0.7782319279374201,2036-03-01
2036,4,0.7977656793561169,2036-04-01
2036,5,0.909570976189589,2036-05-01
2036,6,3.4289003417921284,2036-06-01
2036,7,8.633345380332074,2036-07-01
2036,8,7.976886078312171,2036-08-01
2036,9,5.427687123902457,2036-09-01
2036,10,5.170557940798762,2036-10-01
2036,11,1.3320715645212506,2036-11-01
2036,12,0.9891642967904802,2036-12-01
2037,1,1.2563095392738386,2037-01-01
2037,2,0.745934851118727,2037-02-01
2037,3,0.6528821336782842,2037-03-01
2037,4,0.4937601051370713,2037-04-01
2037,5,0.6442032971900747,2037-05-01
2037,6,4.302933647175275,2037-06-01
2037,7,10.909074830279208,2037-07-01
2037,8,7.33447690922992,2037-08-01
2037,9,3.9935315491619785,2037-09-01
2037,10,3.602961691147082,2037-10-01
2037,11,2.1262266790641378,2037-11-01
2037,12,1.8917205659312049,2037-12-01
2038,1,1.1815772359088053,2038-01-01
2038,2,0.9397015289069628,2038-02-01
2038,3,0.6105096200886038,2038-03-01
2038,4,0.911942096377602,2038-04-01
2038,5,0.9107406203246748,2038-05-01
2038,6,2.645190551009781,2038-06-01
2038,7,5.929103950779944,2038-07-01
2038,8,8.176745804789768,2038-08-01
2038,9,4.213433685342607,2038-09-01
2038,10,2.930178303108043,2038-10-01
2038,11,2.277155154355342,2038-11-01
2038,12,1.370321230312402,2038-12-01
2039,1,1.3435367734722734,2039-01-01
2039,2,0.9177604656278726,2039-02-01
2039,3,0.8239670928718158,2039-03-01
2039,4,0.3743996348030633,2039-04-01
2039,5,0.7694068678177594,2039-05-01
2039,6,3.919248206878184,2039-06-01
2039,7,7.366045972314925,2039-07-01
2039,8,7.476187197643153,2039-08-01
2039,9,3.8754439499026136,2039-09-01
2039,10,3.274460492656765,2039-10-01
2039,11,3.21820979440762,2039-11-01
2039,12,1.8591018847254812,2039-12-01
2040,1,2.461898716022427,2040-01-01
2040,2,0.9406234364431176,2040-02-01
2040,3,0.6913197469171115,2040-03-01
2040,4,0.797784634900507,2040-04-01
2040,5,0.834560753507818,2040-05-01
2040,6,3.828694067443621,2040-06-01
2040,7,9.824751858288687,2040-07-01
2040,8,7.956849628394811,2040-08-01
2040,9,3.837633617840015,2040-09-01
2040,10,4.79404130831353,2040-10-01
2040,11,1.7497211296496469,2040-11-01
2040,12,1.0863261869863152,2040-12-01
2041,1,1.0966840367832955,2041-01-01
2041,2,1.0466861316656246,2041-02-01
2041,3,0.7595452730900327,2041-03-01
2041,4,0.7781348335163032,2041-04-01
2041,5,0.5384002530999977,2041-05-01
2041,6,4.0764032865183895,2041-06-01
2041,7,6.509241832058917,2041-07-01
2041,8,9.36561141991132,2041-08-01
2041,9,4.820596967078714,2041-09-01
2041,10,2.435068954887728,2041-10-01
2041,11,1.4039265464526487,2041-11-01
2041,12,1.0913063438064126,2041-12-01
2042,1,1.187776617344501,2042-01-01
2042,2,1.0430721969887515,2042-02-01
2042,3,0.687199236176841,2042-03-01
2042,4,0.6546648548538411,2042-04-01
2042,5,0.8510079174188604,2042-05-01
2042,6,2.2153694080343507,2042-06-01
2042,7,7.674660283130339,2042-07-01
2042,8,8.163699689999723,2042-08-01
2042,9,4.674652322629921,2042-09-01
2042,10,3.119671747625335,2042-10-01
2042,11,1.5672521587822033,2042-11-01
2042,12,1.133075078348866,2042-12-01
2043,1,1.3204897941242766,2043-01-01
2043,2,0.7311258854504397,2043-02-01
2043,3,1.03094346546712,2043-03-01
2043,4,0.4431843858375115,2043-04-01
2043,5,0.8964715098598518,2043-05-01
2043,6,3.3445069956907663,2043-06-01
2043,7,8.994604648105133,2043-07-01
2043,8,6.313305630677221,2043-08-01
2043,9,3.743894378879364,2043-09-01
2043,10,4.656060930354168,2043-10-01
2043,11,2.6602103632897407,2043-11-01
2043,12,2.06721198274268,2043-12-01
2044,1,0.9934396548750012,2044-01-01
2044,2,0.8252482796348081,2044-02-01
2044,3,0.8745928911315153,2044-03-01
2044,4,1.1621316518441591,2044-04-01
2044,5,1.122360517865831,2044-05-01
2044,6,2.4975287341462877,2044-06-01
2044,7,7.988176672696762,2044-07-01
2044,8,7.100388085899537,2044-08-01
2044,9,4.188933539670104,2044-09-01
2044,10,2.782476869419974,2044-10-01
2044,11,1.386528654246494,2044-11-01
2044,12,1.168961182575631,2044-12-01
2045,1,0.9239324851600982,2045-01-01
2045,2,1.0179952606866427,2045-02-01
2045,3,0.958276297173558,2045-03-01
2045,4,0.8697260159941821,2045-04-01
2045,5,0.821679239225215,2045-05-01
2045,6,3.155097949715263,2045-06-01
2045,7,8.867865152857906,2045-07-01
2045,8,6.397325158334072,2045-08-01
2045,9,5.021745706252427,2045-09-01
2045,10,2.209042097600206,2045-10-01
2045,11,1.5115241721855013,2045-11-01
2045,12,1.3118472088063389,2045-12-01
2046,1,0.9395944550749028,2046-01-01
2046,2,1.0385926319750454,2046-02-01
2046,3,0.839224666978859,2046-03-01
2046,4,0.5846207749032248,2046-04-01
2046,5,0.8495897387226923,2046-05-01
2046,6,4.192572066382072,2046-06-01
2046,7,7.557951257662769,2046-07-01
2046,8,7.152986122752347,2046-08-01
2046,9,6.490594900116938,2046-09-01
2046,10,3.842900022882468,2046-10-01
2046,11,1.6662458279484818,2046-11-01
2046,12,1.1416337506110636,2046-12-01
2047,1,0.971543671453736,2047-01-01
2047,2,0.730946751481594,2047-02-01
2047,3,0.7875951938117032,2047-03-01
2047,4,0.8333469805066245,2047-04-01
2047,5,0.8033926416590685,2047-05-01
2047,6,2.591715467575097,2047-06-01
2047,7,10.238537600332316,2047-07-01
2047,8,9.76634775753921,2047-08-01
2047,9,5.8292751097315865,2047-09-01
2047,10,3.5375122682536677,2047-10-01
2047,11,1.516083511570471,2047-11-01
2047,12,0.9309997727319378,2047-12-01
2048,1,0.7336411628201941,2048-01-01
2048,2,0.7508538376070788,2048-02-01
2048,3,0.7039069549122073,2048-03-01
2048,4,0.7230004896183531,2048-04-01
2048,5,0.7689250886644194,2048-05-01
2048,6,2.458267648099714,2048-06-01
2048,7,7.458195285143574,2048-07-01
2048,8,7.549361302188773,2048-08-01
2048,9,5.990962405951767,2048-09-01
2048,10,4.288487676707507,2048-10-01
2048,11,1.4042335957564192,2048-11-01
2048,12,1.033102741148591,2048-12-01
2049,1,0.9167726456218552,2049-01-01
2049,2,0.9375990214347156,2049-02-01
2049,3,0.540443525235819,2049-03-01
2049,4,0.8984710515138162,2049-04-01
2049,5,0.957686407606964,2049-05-01
2049,6,3.2402603399776595,2049-06-01
2049,7,8.25608223900605,2049-07-01
2049,8,8.571941761558977,2049-08-01
2049,9,3.6838352424458014,2049-09-01
2049,10,3.34339070148437,2049-10-01
2049,11,2.3801701740798062,2049-11-01
2049,12,1.2589775038687556,2049-12-01
2050,1,1.102709322054925,2050-01-01
2050,2,1.0180633962818988,2050-02-01
2050,3,0.9157492125493616,2050-03-01
2050,4,1.0345806045446295,2050-04-01
2050,5,1.1761078360708126,2050-05-01
2050,6,3.0154420725431947,2050-06-01
2050,7,8.775684349486147,2050-07-01
2050,8,7.104261687846784,2050-08-01
2050,9,3.820150632519666,2050-09-01
2050,10,2.334111102947259,2050-10-01
2050,11,1.394147512994878,2050-11-01
2050,12,0.9517309387889844,2050-12-01
2051,1,1.1960952501804116,2051-01-01
2051,2,1.27163469060165,2051-02-01
2051,3,0.7387278087671466,2051-03-01
2051,4,0.9270296753358918,2051-04-01
2051,5,1.5451125951527944,2051-05-01
2051,6,4.886100922602604,2051-06-01
2051,7,9.988429218974398,2051-07-01
2051,8,5.968340080602373,2051-08-01
2051,9,5.201806492533403,2051-09-01
2051,10,3.081520035483396,2051-10-01
2051,11,1.2852382746918685,2051-11-01
2051,12,1.4991321760261078,2051-12-01
2052,1,0.8068023682215516,2052-01-01
2052,2,1.1593827933096672,2052-02-01
2052,3,1.1356361510197648,2052-03-01
2052,4,1.5182506454605662,2052-04-01
2052,5,1.0199766706424649,2052-05-01
2052,6,2.917503335577268,2052-06-01
2052,7,9.22409154697988,2052-07-01
2052,8,7.031298349623218,2052-08-01
2052,9,4.710953315719124,2052-09-01
2052,10,3.235178797558678,2052-10-01
2052,11,1.7612227194408818,2052-11-01
2052,12,1.0791067672460328,2052-12-01
2053,1,0.9559796522889245,2053-01-01
2053,2,1.4239929714009472,2053-02-01
2053,3,0.898308490427365,2053-03-01
2053,4,0.7918164309036813,2053-04-01
2053,5,1.3955721099060672,2053-05-01
2053,6,3.9329829092796897,2053-06-01
2053,7,9.541833834808356,2053-07-01
2053,8,6.430586869591739,2053-08-01
2053,9,3.7859569636619055,2053-09-01
2053,10,2.502691633822626,2053-10-01
2053,11,2.1151562828566024,2053-11-01
2053,12,1.6582552276385538,2053-12-01
2054,1,1.4250724737816012,2054-01-01
2054,2,0.9811408775775624,2054-02-01
2054,3,1.0753238449442195,2054-03-01
2054,4,1.217444278793129,2054-04-01
2054,5,1.568871228506017,2054-05-01
2054,6,3.598047087066348,2054-06-01
2054,7,9.340247784167236,2054-07-01
2054,8,7.088438405270625,2054-08-01
2054,9,4.174567732429481,2054-09-01
2054,10,3.1961919781494,2054-10-01
2054,11,1.0322031190402925,2054-11-01
2054,12,0.8989849850121874,2054-12-01
2055,1,0.9540326826970444,2055-01-01
2055,2,0.7514657296284203,2055-02-01
2055,3,0.846435641074098,2055-03-01
2055,4,0.6216468087708097,2055-04-01
2055,5,0.4761901516667446,2055-05-01
2055,6,2.3881469661274304,2055-06-01
2055,7,8.7177651149425,2055-07-01
2055,8,10.408083667704696,2055-08-01
2055,9,4.259588888422464,2055-09-01
2055,10,3.6928033737030654,2055-10-01
2055,11,1.5716828567660668,2055-11-01
2055,12,0.940429566847134,2055-12-01
2056,1,1.0198711426689744,2056-01-01
2056,2,0.879242643490735,2056-02-01
2056,3,1.283810939018463,2056-03-01
2056,4,0.846007402616232,2056-04-01
2056,5,1.335555748936705,2056-05-01
2056,6,3.182381255385642,2056-06-01
2056,7,9.237072758926612,2056-07-01
2056,8,7.295458187095083,2056-08-01
2056,9,4.428262835269796,2056-09-01
2056,10,3.3023492296717083,2056-10-01
2056,11,1.5824072026495068,2056-11-01
2056,12,1.0651359308389663,2056-12-01
2057,1,1.2105939955712968,2057-01-01
2057,2,0.9559404755097182,2057-02-01
2057,3,0.991012536716118,2057-03-01
2057,4,1.1045584482828688,2057-04-01
2057,5,1.4665291701722438,2057-05-01
2057,6,4.39915230326646,2057-06-01
2057,7,9.453116262231324,2057-07-01
2057,8,9.306440827618818,2057-08-01
2057,9,3.661954786584024,2057-09-01
2057,10,1.2368157110650655,2057-10-01
2057,11,1.1249216441952323,2057-11-01
2057,12,1.0190841504139765,2057-12-01
2058,1,0.8318154232425082,2058-01-01
2058,2,0.7789242602697531,2058-02-01
2058,3,0.6687437052967647,2058-03-01
2058,4,0.7069866978198756,2058-04-01
2058,5,0.5715789761507692,2058-05-01
2058,6,3.574820560215472,2058-06-01
2058,7,8.650778738483265,2058-07-01
2058,8,7.50699419242206,2058-08-01
2058,9,4.148055986454739,2058-09-01
2058,10,3.416309994988291,2058-10-01
2058,11,1.463573268551139,2058-11-01
2058,12,0.902304688258334,2058-12-01
2059,1,1.2553078852045,2059-01-01
2059,2,0.7526107879595031,2059-02-01
2059,3,0.7456679390414807,2059-03-01
2059,4,1.276195155893471,2059-04-01
2059,5,1.1993730728692518,2059-05-01
2059,6,3.700299022431364,2059-06-01
2059,7,6.323307074552417,2059-07-01
2059,8,7.608894105683736,2059-08-01
2059,9,3.506689159960493,2059-09-01
2059,10,2.008351128429261,2059-10-01
2059,11,1.3986244573268023,2059-11-01
2059,12,0.9687195332943644,2059-12-01
2060,1,0.9623697561455896,2060-01-01
2060,2,0.953333478387668,2060-02-01
2060,3,0.7083290532560795,2060-03-01
2060,4,0.8663307767506293,2060-04-01
2060,5,1.586473161398226,2060-05-01
2060,6,3.096979879265617,2060-06-01
2060,7,7.411717824383535,2060-07-01
2060,8,5.960774017577566,2060-08-01
2060,9,4.662897852957872,2060-09-01
2060,10,3.102841766038315,2060-10-01
2060,11,1.1641220181086391,2060-11-01
2060,12,1.1135449564090525,2060-12-01
2061,1,1.013771064224942,2061-01-01
2061,2,0.659512528186084,2061-02-01
2061,3,0.857228554811209,2061-03-01
2061,4,0.728262947307138,2061-04-01
2061,5,0.9315268203547572,2061-05-01
2061,6,2.8248401165175503,2061-06-01
2061,7,7.557860853209606,2061-07-01
2061,8,7.898277626067959,2061-08-01
2061,9,4.11858935775112,2061-09-01
2061,10,1.994167167882966,2061-10-01
2061,11,1.2403203478223044,2061-11-01
2061,12,0.7896709421515279,2061-12-01
2062,1,0.9821404678837076,2062-01-01
2062,2,0.8546276096161873,2062-02-01
2062,3,1.1128746683704671,2062-03-01
2062,4,1.0885169475273468,2062-04-01
2062,5,1.1919239239778954,2062-05-01
2062,6,4.113266178537972,2062-06-01
2062,7,10.02480531596502,2062-07-01
2062,8,6.856031087621981,2062-08-01
2062,9,4.227649728815075,2062-09-01
2062,10,2.3245979884588497,2062-10-01
2062,11,1.2786752738737648,2062-11-01
2062,12,0.9798390655307124,2062-12-01
2063,1,0.8774421499182626,2063-01-01
2063,2,0.7331646780007575,2063-02-01
2063,3,0.9952413215270868,2063-03-01
2063,4,0.674807090102637,2063-04-01
2063,5,0.7095650591779392,2063-05-01
2063,6,3.1128264408866837,2063-06-01
2063,7,8.701222384391768,2063-07-01
2063,8,10.0646009461416,2063-08-01
2063,9,4.454297559014628,2063-09-01
2063,10,3.615758341416164,2063-10-01
2063,11,1.051878901026702,2063-11-01
2063,12,1.1277275034101777,2063-12-01
2064,1,0.8193703278238434,2064-01-01
2064,2,0.802121111619644,2064-02-01
2064,3,0.8129940188309601,2064-03-01
2064,4,0.9064861268839954,2064-04-01
2064,5,0.9881246914586106,2064-05-01
2064,6,4.000949935947015,2064-06-01
2064,7,8.28040146836211,2064-07-01
2064,8,7.790489128956044,2064-08-01
2064,9,3.983019692710565,2064-09-01
2064,10,4.817790893709485,2064-10-01
2064,11,2.075775738012422,2064-11-01
2064,12,1.3714427681847932,2064-12-01
2065,1,0.8589675461896239,2065-01-01
2065,2,1.1149733959915993,2065-02-01
2065,3,1.344013626662157,2065-03-01
2065,4,1.1950976211881732,2065-04-01
2065,5,1.4109030887619067,2065-05-01
2065,6,4.428823082116109,2065-06-01
2065,7,8.576813669079923,2065-07-01
2065,8,7.6614922653625745,2065-08-01
2065,9,5.594816262296535,2065-09-01
2065,10,1.941249458582947,2065-10-01
2065,11,1.4315209531074202,2065-11-01
2065,12,1.4310919023861015,2065-12-01
2066,1,1.0141071963677952,2066-01-01
2066,2,1.2614477886022182,2066-02-01
2066,3,0.7514167425724123,2066-03-01
2066,4,1.1766207970693612,2066-04-01
2066,5,0.96640919686563,2066-05-01
2066,6,3.460526667632746,2066-06-01
2066,7,7.502559094200925,2066-07-01
2066,8,6.919385617493268,2066-08-01
2066,9,2.8340173850054016,2066-09-01
2066,10,2.789315489620334,2066-10-01
2066,11,1.88675108204949,2066-11-01
2066,12,0.8313770014718339,2066-12-01
2067,1,1.2576125574270418,2067-01-01
2067,2,0.8971442954979446,2067-02-01
2067,3,0.8004619615460198,2067-03-01
2067,4,0.8370275851889718,2067-04-01
2067,5,0.8556777331291809,2067-05-01
2067,6,2.6772079620704887,2067-06-01
2067,7,6.158011835180028,2067-07-01
2067,8,9.881775923450116,2067-08-01
2067,9,4.372637430480787,2067-09-01
2067,10,1.8247007531409267,2067-10-01
2067,11,1.0183005242539065,2067-11-01
2067,12,0.7677814300382605,2067-12-01
2068,1,0.77932112646965,2068-01-01
2068,2,0.8929520466344169,2068-02-01
2068,3,0.5037254945359865,2068-03-01
2068,4,0.5981130407073093,2068-04-01
2068,5,0.9338850245722716,2068-05-01
2068,6,2.9688869523029497,2068-06-01
2068,7,10.116399164833116,2068-07-01
2068,8,7.186727359283156,2068-08-01
2068,9,3.760375209760604,2068-09-01
2068,10,2.069895395676921,2068-10-01
2068,11,1.391974469122376,2068-11-01
2068,12,1.076103273558845,2068-12-01
2069,1,0.7920386196087968,2069-01-01
2069,2,0.7927154475502671,2069-02-01
2069,3,0.8394620075569689,2069-03-01
2069,4,0.7506224706885575,2069-04-01
2069,5,1.007829452370818,2069-05-01
2069,6,4.330834175058735,2069-06-01
2069,7,9.484998666163468,2069-07-01
2069,8,7.079774216329468,2069-08-01
2069,9,3.979837718892564,2069-09-01
2069,10,3.66240183209524,2069-10-01
2069,11,1.4528827345678208,2069-11-01
2069,12,1.944603662386634,2069-12-01
2070,1,1.261403306120965,2070-01-01
2070,2,1.097053006464362,2070-02-01
2070,3,1.059102089343268,2070-03-01
2070,4,1.4974637487198037,2070-04-01
2070,5,0.9507595527515836,2070-05-01
2070,6,2.874319300350988,2070-06-01
2070,7,8.916909643085868,2070-07-01
2070,8,6.830419790195923,2070-08-01
2070,9,3.759728654833261,2070-09-01
2070,10,3.625934849846248,2070-10-01
2070,11,1.546310081310237,2070-11-01
2070,12,0.98442900514314,2070-12-01
2071,1,0.7969270883598378,2071-01-01
2071,2,0.6554453607263813,2071-02-01
2071,3,1.3969528165118743,2071-03-01
2071,4,0.552414272532039,2071-04-01
2071,5,0.5897513380401148,2071-05-01
2071,6,2.8008944054260545,2071-06-01
2071,7,8.048081807311455,2071-07-01
2071,8,8.012894012059514,2071-08-01
2071,9,5.308059428784875,2071-09-01
2071,10,1.6002419075722611,2071-10-01
2071,11,1.165389902291088,2071-11-01
2071,12,0.8311328390122404,2071-12-01
2072,1,0.8318935932981207,2072-01-01
2072,2,0.7264982171098708,2072-02-01
2072,3,0.7984198584212969,2072-03-01
2072,4,0.6349738774017724,2072-04-01
2072,5,0.5138526265557162,2072-05-01
2072,6,2.6193168143987093,2072-06-01
2072,7,9.549854588134275,2072-07-01
2072,8,8.157839549817883,2072-08-01
2072,9,3.959113883930067,2072-09-01
2072,10,2.719391438718736,2072-10-01
2072,11,1.0938463995201828,2072-11-01
2072,12,0.9621745058384498,2072-12-01
2073,1,0.7569276580431028,2073-01-01
2073,2,0.8079714469589253,2073-02-01
2073,3,1.3969122319753973,2073-03-01
2073,4,1.4271660246506228,2073-04-01
2073,5,1.5810221742375112,2073-05-01
2073,6,2.8519459417531148,2073-06-01
2073,7,7.385380388621453,2073-07-01
2073,8,6.062042955175355,2073-08-01
2073,9,4.016665359325561,2073-09-01
2073,10,2.629707677341884,2073-10-01
2073,11,1.2469650506023442,2073-11-01
2073,12,1.8547337440490208,2073-12-01
2074,1,0.9692870607388244,2074-01-01
2074,2,0.9218836508161516,2074-02-01
2074,3,1.4170901157495697,2074-03-01
2074,4,1.1626035690722607,2074-04-01
2074,5,1.3299296021089366,2074-05-01
2074,6,3.45799796832721,2074-06-01
2074,7,7.673631535351338,2074-07-01
2074,8,7.214442307851954,2074-08-01
2074,9,4.354313040150342,2074-09-01
2074,10,2.5156678141004725,2074-10-01
2074,11,1.1694734058813412,2074-11-01
2074,12,0.8311161650955734,2074-12-01
2075,1,1.7628010624958883,2075-01-01
2075,2,0.7437597911153075,2075-02-01
2075,3,0.8173099045414729,2075-03-01
2075,4,0.7379063349766316,2075-04-01
2075,5,0.8174233573148881,2075-05-01
2075,6,2.6161554879491957,2075-06-01
2075,7,7.3270571095442625,2075-07-01
2075,8,5.595275166762257,2075-08-01
2075,9,4.788924221976004,2075-09-01
2075,10,1.986284296755108,2075-10-01
2075,11,1.11092587878634,2075-11-01
2075,12,1.0650782583014546,2075-12-01
2076,1,1.2607890769956869,2076-01-01
2076,2,1.0291155248764934,2076-02-01
2076,3,1.554968619295237,2076-03-01
2076,4,1.384060265492476,2076-04-01
2076,5,1.0318222684580836,2076-05-01
2076,6,3.792363044721828,2076-06-01
2076,7,9.459791632628272,2076-07-01
2076,8,8.1068464573906,2076-08-01
2076,9,3.039692074680933,2076-09-01
2076,10,1.8757747891994148,2076-10-01
2076,11,1.4123786589154563,2076-11-01
2076,12,1.553301978346177,2076-12-01
2077,1,1.0973370990701818,2077-01-01
2077,2,0.7349189372782902,2077-02-01
2077,3,1.3939631192571889,2077-03-01
2077,4,1.9499241621485215,2077-04-01
2077,5,1.1808211493756204,2077-05-01
2077,6,3.451957715347689,2077-06-01
2077,7,7.777184625810291,2077-07-01
2077,8,7.636429855594833,2077-08-01
2077,9,3.321038640299591,2077-09-01
2077,10,3.07270966112507,2077-10-01
2077,11,1.5640114837855406,2077-11-01
2077,12,1.3484844583904094,2077-12-01
2078,1,2.0478364552251764,2078-01-01
2078,2,0.7967673199627417,2078-02-01
2078,3,0.9006127957506125,2078-03-01
2078,4,1.6955731851369864,2078-04-01
2078,5,0.8102242691122159,2078-05-01
2078,6,3.3594633186789955,2078-06-01
2078,7,9.99290721614728,2078-07-01
2078,8,7.71530027507429,2078-08-01
2078,9,4.721597839710765,2078-09-01
2078,10,1.3452526051798213,2078-10-01
2078,11,1.9639441597678204,2078-11-01
2078,12,0.8078182456905793,2078-12-01
2079,1,0.7584745489192839,2079-01-01
2079,2,1.1863263638198955,2079-02-01
2079,3,1.0623181568763205,2079-03-01
2079,4,0.5975708137772674,2079-04-01
2079,5,0.5604682964354485,2079-05-01
2079,6,3.993265982171344,2079-06-01
2079,7,7.574120206155593,2079-07-01
2079,8,6.992254410504286,2079-08-01
2079,9,4.970262316822559,2079-09-01
2079,10,2.4007235271466727,2079-10-01
2079,11,1.0864147273885572,2079-11-01
2079,12,1.037307661808613,2079-12-01
2080,1,0.581496200772886,2080-01-01
2080,2,0.9504079884939568,2080-02-01
2080,3,0.6652219095638532,2080-03-01
2080,4,0.8190196583605218,2080-04-01
2080,5,0.8942959450613128,2080-05-01
2080,6,3.083403901930337,2080-06-01
2080,7,7.626933105252808,2080-07-01
2080,8,6.691567309062022,2080-08-01
2080,9,4.0706438475996585,2080-09-01
2080,10,2.153216909245345,2080-10-01
2080,11,1.5313721722561249,2080-11-01
2080,12,1.035413642271048,2080-12-01
2081,1,1.0528519362215347,2081-01-01
2081,2,0.8853240956436618,2081-02-01
2081,3,0.8575191116348746,2081-03-01
2081,4,1.0192721124993886,2081-04-01
2081,5,1.2162422414529996,2081-05-01
2081,6,3.124669202864102,2081-06-01
2081,7,9.57048425072554,2081-07-01
2081,8,7.175952600817168,2081-08-01
2081,9,3.606322628801704,2081-09-01
2081,10,2.2687819008684453,2081-10-01
2081,11,2.087671840589564,2081-11-01
2081,12,1.332468418798188,2081-12-01
2082,1,0.8466096948144975,2082-01-01
2082,2,0.8884335582245687,2082-02-01
2082,3,0.5345646906841899,2082-03-01
2082,4,1.1091731302729049,2082-04-01
2082,5,0.9607790461095124,2082-05-01
2082,6,3.247921562653066,2082-06-01
2082,7,7.138962001688847,2082-07-01
2082,8,7.761027629980851,2082-08-01
2082,9,3.5108869893718184,2082-09-01
2082,10,2.1589246517493144,2082-10-01
2082,11,1.168404562635927,2082-11-01
2082,12,0.9968366578145026,2082-12-01
2083,1,0.9495933455682644,2083-01-01
2083,2,0.9549890267173452,2083-02-01
2083,3,0.637256199552377,2083-03-01
2083,4,0.9831191656023764,2083-04-01
2083,5,1.2321821269232494,2083-05-01
2083,6,2.472032932962317,2083-06-01
2083,7,8.640675542487347,2083-07-01
2083,8,7.327748000620187,2083-08-01
2083,9,3.5866554597813507,2083-09-01
2083,10,2.14382399267011,2083-10-01
2083,11,1.102154339630362,2083-11-01
2083,12,0.9814387562721096,2083-12-01
2084,1,0.9814074493860035,2084-01-01
2084,2,0.686768626943795,2084-02-01
2084,3,1.4671759635408752,2084-03-01
2084,4,1.133959953911433,2084-04-01
2084,5,0.8352164136024463,2084-05-01
2084,6,2.477481526876609,2084-06-01
2084,7,7.261121094976204,2084-07-01
2084,8,8.081839580942525,2084-08-01
2084,9,3.313676804946647,2084-09-01
2084,10,2.6412560113925974,2084-10-01
2084,11,1.200216307681836,2084-11-01
2084,12,0.929299031356945,2084-12-01
2085,1,0.6541996494542863,2085-01-01
2085,2,0.7483139294784811,2085-02-01
2085,3,0.6669908602094602,2085-03-01
2085,4,0.4793299011090754,2085-04-01
2085,5,1.0790676968662782,2085-05-01
2085,6,3.070444716699103,2085-06-01
2085,7,8.318493830610809,2085-07-01
2085,8,5.291380885770595,2085-08-01
2085,9,4.073914470791691,2085-09-01
2085,10,4.648360278024222,2085-10-01
2085,11,1.2809771471459517,2085-11-01
2085,12,1.0125621119783634,2085-12-01
2086,1,1.0070387084137993,2086-01-01
2086,2,0.8661411058808167,2086-02-01
2086,3,1.3563706032912537,2086-03-01
2086,4,0.9612936335649688,2086-04-01
2086,5,1.2579052190831823,2086-05-01
2086,6,2.988407979920912,2086-06-01
2086,7,8.688964417284096,2086-07-01
2086,8,7.282575227302892,2086-08-01
2086,9,1.9587551020710587,2086-09-01
2086,10,2.45242762099699,2086-10-01
2086,11,1.164007939768104,2086-11-01
2086,12,1.6612114784780707,2086-12-01
2087,1,1.0200674417341868,2087-01-01
2087,2,0.9528487998740152,2087-02-01
2087,3,0.7527113219852468,2087-03-01
2087,4,0.8592159587261473,2087-04-01
2087,5,1.233111742308418,2087-05-01
2087,6,4.26850950771173,2087-06-01
2087,7,7.332318629549952,2087-07-01
2087,8,6.586776876343079,2087-08-01
2087,9,3.528897146342642,2087-09-01
2087,10,4.23758801606223,2087-10-01
2087,11,1.2898638526125947,2087-11-01
2087,12,0.9948498974287852,2087-12-01
2088,1,0.8063934020584886,2088-01-01
2088,2,0.5170090283982225,2088-02-01
2088,3,0.9337449962736086,2088-03-01
2088,4,1.3269177201644555,2088-04-01
2088,5,1.0274718043566111,2088-05-01
2088,6,4.369590695622157,2088-06-01
2088,7,9.894920183657938,2088-07-01
2088,8,10.532891763743448,2088-08-01
2088,9,5.148826182672958,2088-09-01
2088,10,1.5405868225775723,2088-10-01
2088,11,0.9699571562635506,2088-11-01
2088,12,0.9915420104486988,2088-12-01
2089,1,0.7746810983288365,2089-01-01
2089,2,0.952682327221858,2089-02-01
2089,3,0.8848101700020571,2089-03-01
2089,4,0.5833031023915349,2089-04-01
2089,5,1.2530239966197272,2089-05-01
2089,6,5.064492065423339,2089-06-01
2089,7,7.612158934195461,2089-07-01
2089,8,8.39464250014728,2089-08-01
2089,9,2.717811423363353,2089-09-01
2089,10,1.799334268576109,2089-10-01
2089,11,1.1893581379964204,2089-11-01
2089,12,0.8863399065083649,2089-12-01
2090,1,0.9378573354179394,2090-01-01
2090,2,0.910517431776025,2090-02-01
2090,3,1.0074206748692258,2090-03-01
2090,4,1.5949856727758962,2090-04-01
2090,5,1.130507402863674,2090-05-01
2090,6,3.0318694768529477,2090-06-01
2090,7,11.523505564099336,2090-07-01
2090,8,7.756334201726807,2090-08-01
2090,9,4.017778180572754,2090-09-01
2090,10,2.878303183058215,2090-10-01
2090,11,0.88982682534987,2090-11-01
2090,12,1.708251104675987,2090-12-01
2091,1,0.679616219792866,2091-01-01
2091,2,0.9906469029369952,2091-02-01
2091,3,1.0724181277768414,2091-03-01
2091,4,1.7627485535594056,2091-04-01
2091,5,1.0796591688508792,2091-05-01
2091,6,4.396579578009393,2091-06-01
2091,7,7.036611616052336,2091-07-01
2091,8,5.847545283005984,2091-08-01
2091,9,3.615827413140315,2091-09-01
2091,10,2.2688674471842827,2091-10-01
2091,11,1.205048524481134,2091-11-01
2091,12,0.94212762530097,2091-12-01
2092,1,0.7582293621794683,2092-01-01
2092,2,0.9619588354806936,2092-02-01
2092,3,0.7247832311861154,2092-03-01
2092,4,0.8441690953041369,2092-04-01
2092,5,0.6523292465294207,2092-05-01
2092,6,3.486223961534971,2092-06-01
2092,7,8.201904760299032,2092-07-01
2092,8,6.975104542503661,2092-08-01
2092,9,3.07078904759098,2092-09-01
2092,10,1.7683048543290247,2092-10-01
2092,11,2.011505267474815,2092-11-01
2092,12,1.0000679877758594,2092-12-01
2093,1,0.997528311070262,2093-01-01
2093,2,0.7286671415769765,2093-02-01
2093,3,0.9097399483559973,2093-03-01
2093,4,0.9656732781632998,2093-04-01
2093,5,1.4178025965755403,2093-05-01
2093,6,3.159813869541477,2093-06-01
2093,7,8.575962813650401,2093-07-01
2093,8,4.055073006545852,2093-08-01
2093,9,3.514177125402787,2093-09-01
2093,10,2.743987464544105,2093-10-01
2093,11,1.078502943829824,2093-11-01
2093,12,0.9226073225520376,2093-12-01
2094,1,0.8006243894004282,2094-01-01
2094,2,1.0084686603674824,2094-02-01
2094,3,0.8655727568654461,2094-03-01
2094,4,1.1795558556337586,2094-04-01
2094,5,0.9982247983363144,2094-05-01
2094,6,4.802007486404012,2094-06-01
2094,7,8.23554213007501,2094-07-01
2094,8,5.6365626474276045,2094-08-01
2094,9,4.5987483731501735,2094-09-01
2094,10,2.4371808390366647,2094-10-01
2094,11,1.310218571379891,2094-11-01
2094,12,0.7923829825212402,2094-12-01
2095,1,1.1136332592910725,2095-01-01
2095,2,0.4880871657386191,2095-02-01
2095,3,0.908694179052543,2095-03-01
2095,4,1.1892371875865708,2095-04-01
2095,5,1.0908620865188792,2095-05-01
2095,6,3.670544990702154,2095-06-01
2095,7,9.42094433747102,2095-07-01
2095,8,8.068183270066395,2095-08-01
2095,9,3.680048609028464,2095-09-01
2095,10,1.380953254075007,2095-10-01
2095,11,1.0292465639052504,2095-11-01
2095,12,0.6996104813969564,2095-12-01
2096,1,0.9682468858019976,2096-01-01
2096,2,1.1250882509704725,2096-02-01
2096,3,0.8486491315744416,2096-03-01
2096,4,2.7916693484698074,2096-04-01
2096,5,1.9730146041137928,2096-05-01
2096,6,3.598853569045505,2096-06-01
2096,7,7.682776804225345,2096-07-01
2096,8,5.486653199795248,2096-08-01
2096,9,3.418355960508095,2096-09-01
2096,10,3.28366633788636,2096-10-01
2096,11,1.4064302483773743,2096-11-01
2096,12,1.0613238946015258,2096-12-01
2097,1,1.4456584989774748,2097-01-01
2097,2,1.2620394361146805,2097-02-01
2097,3,1.4933718745471596,2097-03-01
2097,4,1.3631547005457114,2097-04-01
2097,5,1.3340371377530569,2097-05-01
2097,6,3.4789640222946643,2097-06-01
2097,7,7.010352900870854,2097-07-01
2097,8,8.090985565371449,2097-08-01
2097,9,2.798949860436849,2097-09-01
2097,10,2.382839692649598,2097-10-01
2097,11,1.1084411473657705,2097-11-01
2097,12,1.5147157651376564,2097-12-01
2098,1,0.9356869757154348,2098-01-01
2098,2,1.052756280301191,2098-02-01
2098,3,1.0461353604635946,2098-03-01
2098,4,1.7733955588619827,2098-04-01
2098,5,1.026811730021524,2098-05-01
2098,6,3.271023201701716,2098-06-01
2098,7,8.055177462373173,2098-07-01
2098,8,8.063705395119799,2098-08-01
2098,9,3.5423443194086826,2098-09-01
2098,10,2.3783494238732863,2098-10-01
2098,11,1.0006016959859805,2098-11-01
2098,12,1.126211671219557,2098-12-01
2099,1,0.9262931037146606,2099-01-01
2099,2,0.597578107209152,2099-02-01
2099,3,0.8515087787901792,2099-03-01
2099,4,1.4686465138355955,2099-04-01
2099,5,1.0977636385799312,2099-05-01
2099,6,3.493925033865727,2099-06-01
2099,7,6.913346678324051,2099-07-01
2099,8,6.439416058406516,2099-08-01
2099,9,3.812436192876602,2099-09-01
2099,10,1.6749439612771746,2099-10-01
2099,11,0.9644158865668744,2099-11-01
2099,12,0.8017867111074887,2099-12-01
2100,1,0.8013070689276782,2100-01-01
2100,2,0.9559689439886004,2100-02-01
2100,3,0.8441676523731647,2100-03-01
2100,4,0.898174681786206,2100-04-01
2100,5,0.9578680694648868,2100-05-01
2100,6,3.6536206532457176,2100-06-01
2100,7,9.335188006081037,2100-07-01
2100,8,6.152232248581382,2100-08-01
2100,9,2.8542226196493634,2100-09-01
2100,10,1.073086339074055,2100-10-01
2100,11,0.9107600012141503,2100-11-01
2100,12,0.9343695066054142,2100-12-01
